#x-axis,1,2
#second,Volt,Volt
-10.00000E-03,+60.30151E-03,-621.85929E-03
-9.99000E-03,+62.81407E-03,-643.21607E-03
-9.98000E-03,+65.32663E-03,-643.21607E-03
-9.97000E-03,+80.40201E-03,-634.42210E-03
-9.96000E-03,+70.35176E-03,-603.01507E-03
-9.95000E-03,+80.40201E-03,-589.19597E-03
-9.94000E-03,+64.07035E-03,-586.68341E-03
-9.93000E-03,+80.40201E-03,-564.07035E-03
-9.92000E-03,+80.40201E-03,-582.91457E-03
-9.91000E-03,+62.81407E-03,-603.01507E-03
-9.90000E-03,+85.42713E-03,-636.93467E-03
-9.89000E-03,+91.70854E-03,-614.32160E-03
-9.88000E-03,+89.19598E-03,-633.16582E-03
-9.87000E-03,+86.68342E-03,-623.11557E-03
-9.86000E-03,+100.50251E-03,-606.78391E-03
-9.85000E-03,+100.50251E-03,-604.27135E-03
-9.84000E-03,+119.34673E-03,-582.91457E-03
-9.83000E-03,+116.83417E-03,-599.24622E-03
-9.82000E-03,+105.52764E-03,-587.93969E-03
-9.81000E-03,+108.04020E-03,-590.45225E-03
-9.80000E-03,+120.60301E-03,-603.01507E-03
-9.79000E-03,+114.32161E-03,-589.19597E-03
-9.78000E-03,+115.57789E-03,-603.01507E-03
-9.77000E-03,+120.60301E-03,-603.01507E-03
-9.76000E-03,+120.60301E-03,-582.91457E-03
-9.75000E-03,+140.70352E-03,-605.52763E-03
-9.74000E-03,+134.42211E-03,-616.83416E-03
-9.73000E-03,+140.70352E-03,-603.01507E-03
-9.72000E-03,+149.49749E-03,-592.96482E-03
-9.71000E-03,+160.80402E-03,-582.91457E-03
-9.70000E-03,+140.70352E-03,-603.01507E-03
-9.69000E-03,+158.29146E-03,-584.17085E-03
-9.68000E-03,+159.54774E-03,-582.91457E-03
-9.67000E-03,+160.80402E-03,-603.01507E-03
-9.66000E-03,+169.59799E-03,-623.11557E-03
-9.65000E-03,+160.80402E-03,-623.11557E-03
-9.64000E-03,+170.85427E-03,-611.80904E-03
-9.63000E-03,+146.98492E-03,-603.01507E-03
-9.62000E-03,+180.90452E-03,-582.91457E-03
-9.61000E-03,+178.39196E-03,-582.91457E-03
-9.60000E-03,+179.64824E-03,-582.91457E-03
-9.59000E-03,+180.90452E-03,-605.52763E-03
-9.58000E-03,+165.82914E-03,-623.11557E-03
-9.57000E-03,+188.44221E-03,-623.11557E-03
-9.56000E-03,+189.69849E-03,-621.85929E-03
-9.55000E-03,+187.18593E-03,-615.57788E-03
-9.54000E-03,+195.97990E-03,-603.01507E-03
-9.53000E-03,+198.49246E-03,-603.01507E-03
-9.52000E-03,+180.90452E-03,-601.75879E-03
-9.51000E-03,+165.82914E-03,-582.91457E-03
-9.50000E-03,+201.00502E-03,-582.91457E-03
-9.49000E-03,+188.44221E-03,-590.45225E-03
-9.48000E-03,+209.79899E-03,-603.01507E-03
-9.47000E-03,+207.28643E-03,-623.11557E-03
-9.46000E-03,+221.10553E-03,-606.78391E-03
-9.45000E-03,+218.59296E-03,-623.11557E-03
-9.44000E-03,+201.00502E-03,-621.85929E-03
-9.43000E-03,+221.10553E-03,-603.01507E-03
-9.42000E-03,+214.82412E-03,-587.93969E-03
-9.41000E-03,+221.10553E-03,-582.91457E-03
-9.40000E-03,+211.05527E-03,-603.01507E-03
-9.39000E-03,+241.20603E-03,-595.47738E-03
-9.38000E-03,+236.18090E-03,-582.91457E-03
-9.37000E-03,+238.69346E-03,-600.50251E-03
-9.36000E-03,+241.20603E-03,-603.01507E-03
-9.35000E-03,+257.53769E-03,-639.44723E-03
-9.34000E-03,+226.13065E-03,-616.83416E-03
-9.33000E-03,+241.20603E-03,-623.11557E-03
-9.32000E-03,+241.20603E-03,-611.80904E-03
-9.31000E-03,+241.20603E-03,-603.01507E-03
-9.30000E-03,+261.30653E-03,-586.68341E-03
-9.29000E-03,+241.20603E-03,-580.40200E-03
-9.28000E-03,+260.05025E-03,-582.91457E-03
-9.27000E-03,+277.63819E-03,-585.42713E-03
-9.26000E-03,+246.23115E-03,-596.73366E-03
-9.25000E-03,+281.40703E-03,-603.01507E-03
-9.24000E-03,+261.30653E-03,-623.11557E-03
-9.23000E-03,+273.86934E-03,-623.11557E-03
-9.22000E-03,+281.40703E-03,-603.01507E-03
-9.21000E-03,+281.40703E-03,-620.60301E-03
-9.20000E-03,+261.30653E-03,-621.85929E-03
-9.19000E-03,+301.50753E-03,-599.24622E-03
-9.18000E-03,+281.40703E-03,-587.93969E-03
-9.17000E-03,+281.40703E-03,-590.45225E-03
-9.16000E-03,+291.45728E-03,-603.01507E-03
-9.15000E-03,+301.50753E-03,-589.19597E-03
-9.14000E-03,+285.17588E-03,-597.98994E-03
-9.13000E-03,+282.66331E-03,-603.01507E-03
-9.12000E-03,+301.50753E-03,-623.11557E-03
-9.11000E-03,+301.50753E-03,-623.11557E-03
-9.10000E-03,+301.50753E-03,-643.21607E-03
-9.09000E-03,+312.81407E-03,-614.32160E-03
-9.08000E-03,+310.30150E-03,-623.11557E-03
-9.07000E-03,+321.60804E-03,-603.01507E-03
-9.06000E-03,+321.60804E-03,-586.68341E-03
-9.05000E-03,+322.86432E-03,-580.40200E-03
-9.04000E-03,+301.50753E-03,-582.91457E-03
-9.03000E-03,+321.60804E-03,-599.24622E-03
-9.02000E-03,+341.70854E-03,-603.01507E-03
-9.01000E-03,+341.70854E-03,-623.11557E-03
-9.00000E-03,+331.65829E-03,-643.21607E-03
-8.99000E-03,+321.60804E-03,-629.39698E-03
-8.98000E-03,+341.70854E-03,-623.11557E-03
-8.97000E-03,+341.70854E-03,-584.17085E-03
-8.96000E-03,+341.70854E-03,-582.91457E-03
-8.95000E-03,+341.70854E-03,-579.14572E-03
-8.94000E-03,+355.52763E-03,-582.91457E-03
-8.93000E-03,+369.34673E-03,-603.01507E-03
-8.92000E-03,+351.75879E-03,-603.01507E-03
-8.91000E-03,+354.27135E-03,-603.01507E-03
-8.90000E-03,+365.57789E-03,-623.11557E-03
-8.89000E-03,+361.80904E-03,-624.37185E-03
-8.88000E-03,+361.80904E-03,-643.21607E-03
-8.87000E-03,+378.14070E-03,-623.11557E-03
-8.86000E-03,+375.62814E-03,-623.11557E-03
-8.85000E-03,+381.90954E-03,-603.01507E-03
-8.84000E-03,+370.60301E-03,-592.96482E-03
-8.83000E-03,+381.90954E-03,-562.81406E-03
-8.82000E-03,+365.57789E-03,-562.81406E-03
-8.81000E-03,+402.01005E-03,-584.17085E-03
-8.80000E-03,+400.75376E-03,-623.11557E-03
-8.79000E-03,+361.80904E-03,-639.44723E-03
-8.78000E-03,+395.72864E-03,-608.04019E-03
-8.77000E-03,+402.01005E-03,-634.42210E-03
-8.76000E-03,+402.01005E-03,-623.11557E-03
-8.75000E-03,+402.01005E-03,-603.01507E-03
-8.74000E-03,+405.77889E-03,-603.01507E-03
-8.73000E-03,+402.01005E-03,-604.27135E-03
-8.72000E-03,+422.11055E-03,-582.91457E-03
-8.71000E-03,+402.01005E-03,-579.14572E-03
-8.70000E-03,+402.01005E-03,-582.91457E-03
-8.69000E-03,+422.11055E-03,-603.01507E-03
-8.68000E-03,+430.90452E-03,-613.06532E-03
-8.67000E-03,+422.11055E-03,-643.21607E-03
-8.66000E-03,+437.18592E-03,-623.11557E-03
-8.65000E-03,+439.69849E-03,-623.11557E-03
-8.64000E-03,+440.95477E-03,-621.85929E-03
-8.63000E-03,+442.21105E-03,-619.34673E-03
-8.62000E-03,+432.16080E-03,-596.73366E-03
-8.61000E-03,+453.51758E-03,-594.22110E-03
-8.60000E-03,+442.21105E-03,-603.01507E-03
-8.59000E-03,+442.21105E-03,-603.01507E-03
-8.58000E-03,+457.28643E-03,-603.01507E-03
-8.57000E-03,+443.46733E-03,-603.01507E-03
-8.56000E-03,+461.05527E-03,-603.01507E-03
-8.55000E-03,+444.72361E-03,-619.34673E-03
-8.54000E-03,+467.33668E-03,-608.04019E-03
-8.53000E-03,+462.31155E-03,-590.45225E-03
-8.52000E-03,+472.36180E-03,-603.01507E-03
-8.51000E-03,+456.03015E-03,-609.29648E-03
-8.50000E-03,+462.31155E-03,-623.11557E-03
-8.49000E-03,+463.56783E-03,-620.60301E-03
-8.48000E-03,+462.31155E-03,-603.01507E-03
-8.47000E-03,+482.41206E-03,-603.01507E-03
-8.46000E-03,+482.41206E-03,-608.04019E-03
-8.45000E-03,+482.41206E-03,-603.01507E-03
-8.44000E-03,+492.46231E-03,-603.01507E-03
-8.43000E-03,+482.41206E-03,-615.57788E-03
-8.42000E-03,+486.18090E-03,-618.09045E-03
-8.41000E-03,+502.51256E-03,-603.01507E-03
-8.40000E-03,+502.51256E-03,-623.11557E-03
-8.39000E-03,+498.74371E-03,-623.11557E-03
-8.38000E-03,+502.51256E-03,-608.04019E-03
-8.37000E-03,+502.51256E-03,-618.09045E-03
-8.36000E-03,+522.61306E-03,-623.11557E-03
-8.35000E-03,+515.07537E-03,-603.01507E-03
-8.34000E-03,+517.58793E-03,-613.06532E-03
-8.33000E-03,+503.76884E-03,-584.17085E-03
-8.32000E-03,+522.61306E-03,-582.91457E-03
-8.31000E-03,+522.61306E-03,-603.01507E-03
-8.30000E-03,+522.61306E-03,-603.01507E-03
-8.29000E-03,+533.91959E-03,-603.01507E-03
-8.28000E-03,+532.66331E-03,-623.11557E-03
-8.27000E-03,+542.71356E-03,-609.29648E-03
-8.26000E-03,+526.38190E-03,-623.11557E-03
-8.25000E-03,+542.71356E-03,-604.27135E-03
-8.24000E-03,+542.71356E-03,-603.01507E-03
-8.23000E-03,+542.71356E-03,-603.01507E-03
-8.22000E-03,+562.81406E-03,-582.91457E-03
-8.21000E-03,+550.25125E-03,-582.91457E-03
-8.20000E-03,+562.81406E-03,-591.70854E-03
-8.19000E-03,+562.81406E-03,-615.57788E-03
-8.18000E-03,+562.81406E-03,-623.11557E-03
-8.17000E-03,+562.81406E-03,-643.21607E-03
-8.16000E-03,+562.81406E-03,-643.21607E-03
-8.15000E-03,+579.14572E-03,-639.44723E-03
-8.14000E-03,+567.83919E-03,-616.83416E-03
-8.13000E-03,+582.91457E-03,-603.01507E-03
-8.12000E-03,+562.81406E-03,-571.60803E-03
-8.11000E-03,+576.63316E-03,-582.91457E-03
-8.10000E-03,+577.88944E-03,-562.81406E-03
-8.09000E-03,+603.01507E-03,-582.91457E-03
-8.08000E-03,+582.91457E-03,-603.01507E-03
-8.07000E-03,+579.14572E-03,-623.11557E-03
-8.06000E-03,+582.91457E-03,-633.16582E-03
-8.05000E-03,+590.45225E-03,-654.52261E-03
-8.04000E-03,+591.70854E-03,-643.21607E-03
-8.03000E-03,+595.47738E-03,-643.21607E-03
-8.02000E-03,+606.78391E-03,-623.11557E-03
-8.01000E-03,+603.01507E-03,-603.01507E-03
-8.00000E-03,+603.01507E-03,-562.81406E-03
-7.99000E-03,+619.34673E-03,-559.04522E-03
-7.98000E-03,+608.04019E-03,-562.81406E-03
-7.97000E-03,+610.55276E-03,-582.91457E-03
-7.96000E-03,+613.06532E-03,-592.96482E-03
-7.95000E-03,+623.11557E-03,-629.39698E-03
-7.94000E-03,+638.19095E-03,-643.21607E-03
-7.93000E-03,+624.37185E-03,-663.31658E-03
-7.92000E-03,+623.11557E-03,-643.21607E-03
-7.91000E-03,+643.21607E-03,-619.34673E-03
-7.90000E-03,+636.93467E-03,-603.01507E-03
-7.89000E-03,+630.65326E-03,-590.45225E-03
-7.88000E-03,+643.21607E-03,-591.70854E-03
-7.87000E-03,+643.21607E-03,-562.81406E-03
-7.86000E-03,+643.21607E-03,-562.81406E-03
-7.85000E-03,+643.21607E-03,-582.91457E-03
-7.84000E-03,+663.31658E-03,-623.11557E-03
-7.83000E-03,+659.54773E-03,-643.21607E-03
-7.82000E-03,+663.31658E-03,-643.21607E-03
-7.81000E-03,+654.52261E-03,-643.21607E-03
-7.80000E-03,+663.31658E-03,-631.90954E-03
-7.79000E-03,+663.31658E-03,-623.11557E-03
-7.78000E-03,+667.08542E-03,-603.01507E-03
-7.77000E-03,+646.98492E-03,-600.50251E-03
-7.76000E-03,+683.41708E-03,-582.91457E-03
-7.75000E-03,+679.64823E-03,-582.91457E-03
-7.74000E-03,+668.34170E-03,-510.05025E-03
-7.73000E-03,+670.85426E-03,-149.49749E-03
-7.72000E-03,+663.31658E-03,+463.56783E-03
-7.71000E-03,+663.31658E-03,+1.00502511E+00
-7.70000E-03,+663.31658E-03,+1.40954772E+00
-7.69000E-03,+680.90452E-03,+1.54773868E+00
-7.68000E-03,+663.31658E-03,+1.44472360E+00
-7.67000E-03,+645.72864E-03,+987.43718E-03
-7.66000E-03,+657.03517E-03,+511.30653E-03
-7.65000E-03,+650.75376E-03,-6.28141E-03
-7.64000E-03,+663.31658E-03,-261.30653E-03
-7.63000E-03,+655.77889E-03,-287.68844E-03
-7.62000E-03,+631.90954E-03,-109.29648E-03
-7.61000E-03,+643.21607E-03,+286.43216E-03
-7.60000E-03,+643.21607E-03,+825.37688E-03
-7.59000E-03,+643.21607E-03,+1.17085426E+00
-7.58000E-03,+636.93467E-03,+1.33165828E+00
-7.57000E-03,+646.98492E-03,+1.26633164E+00
-7.56000E-03,+643.21607E-03,+1.00251255E+00
-7.55000E-03,+635.67839E-03,+665.82914E-03
-7.54000E-03,+623.11557E-03,+223.61809E-03
-7.53000E-03,+620.60301E-03,-46.48241E-03
-7.52000E-03,+623.11557E-03,-140.70352E-03
-7.51000E-03,+603.01507E-03,-42.71357E-03
-7.50000E-03,+623.11557E-03,+302.76382E-03
-7.49000E-03,+610.55276E-03,+645.72864E-03
-7.48000E-03,+603.01507E-03,+986.18089E-03
-7.47000E-03,+603.01507E-03,+1.16331657E+00
-7.46000E-03,+597.98994E-03,+1.17462310E+00
-7.45000E-03,+584.17085E-03,+991.20602E-03
-7.44000E-03,+582.91457E-03,+741.20602E-03
-7.43000E-03,+582.91457E-03,+369.34673E-03
-7.42000E-03,+562.81406E-03,+144.47236E-03
-7.41000E-03,+603.01507E-03,+31.40703E-03
-7.40000E-03,+582.91457E-03,+80.40201E-03
-7.39000E-03,+569.09547E-03,+258.79397E-03
-7.38000E-03,+582.91457E-03,+507.53768E-03
-7.37000E-03,+582.91457E-03,+776.38190E-03
-7.36000E-03,+562.81406E-03,+1.00502511E+00
-7.35000E-03,+565.32663E-03,+1.04145728E+00
-7.34000E-03,+562.81406E-03,+948.49245E-03
-7.33000E-03,+570.35175E-03,+747.48743E-03
-7.32000E-03,+562.81406E-03,+491.20602E-03
-7.31000E-03,+575.37688E-03,+288.94472E-03
-7.30000E-03,+546.48241E-03,+144.47236E-03
-7.29000E-03,+542.71356E-03,+121.85930E-03
-7.28000E-03,+561.55778E-03,+261.30653E-03
-7.27000E-03,+559.04522E-03,+487.43718E-03
-7.26000E-03,+542.71356E-03,+694.72361E-03
-7.25000E-03,+533.91959E-03,+864.32160E-03
-7.24000E-03,+542.71356E-03,+944.72361E-03
-7.23000E-03,+542.71356E-03,+891.95979E-03
-7.22000E-03,+537.68844E-03,+737.43718E-03
-7.21000E-03,+540.20100E-03,+569.09547E-03
-7.20000E-03,+522.61306E-03,+400.75376E-03
-7.19000E-03,+525.12562E-03,+261.30653E-03
-7.18000E-03,+522.61306E-03,+231.15578E-03
-7.17000E-03,+513.81909E-03,+316.58291E-03
-7.16000E-03,+522.61306E-03,+453.51758E-03
-7.15000E-03,+515.07537E-03,+620.60301E-03
-7.14000E-03,+502.51256E-03,+773.86934E-03
-7.13000E-03,+520.10050E-03,+861.80904E-03
-7.12000E-03,+502.51256E-03,+804.02009E-03
-7.11000E-03,+502.51256E-03,+760.05024E-03
-7.10000E-03,+502.51256E-03,+616.83416E-03
-7.09000E-03,+493.71859E-03,+473.61809E-03
-7.08000E-03,+491.20602E-03,+360.55276E-03
-7.07000E-03,+502.51256E-03,+314.07035E-03
-7.06000E-03,+486.18090E-03,+336.68341E-03
-7.05000E-03,+482.41206E-03,+457.28643E-03
-7.04000E-03,+501.25628E-03,+582.91457E-03
-7.03000E-03,+482.41206E-03,+706.03014E-03
-7.02000E-03,+491.20602E-03,+763.81909E-03
-7.01000E-03,+462.31155E-03,+783.91959E-03
-7.00000E-03,+472.36180E-03,+752.51255E-03
-6.99000E-03,+482.41206E-03,+649.49748E-03
-6.98000E-03,+462.31155E-03,+496.23115E-03
-6.97000E-03,+462.31155E-03,+437.18592E-03
-6.96000E-03,+462.31155E-03,+380.65326E-03
-6.95000E-03,+444.72361E-03,+384.42211E-03
-6.94000E-03,+462.31155E-03,+432.16080E-03
-6.93000E-03,+449.74874E-03,+554.02009E-03
-6.92000E-03,+462.31155E-03,+663.31658E-03
-6.91000E-03,+448.49246E-03,+716.08039E-03
-6.90000E-03,+442.21105E-03,+763.81909E-03
-6.89000E-03,+442.21105E-03,+727.38693E-03
-6.88000E-03,+442.21105E-03,+621.85929E-03
-6.87000E-03,+442.21105E-03,+556.53266E-03
-6.86000E-03,+427.13567E-03,+456.03015E-03
-6.85000E-03,+433.41708E-03,+422.11055E-03
-6.84000E-03,+430.90452E-03,+402.01005E-03
-6.83000E-03,+434.67336E-03,+462.31155E-03
-6.82000E-03,+425.87939E-03,+537.68844E-03
-6.81000E-03,+439.69849E-03,+620.60301E-03
-6.80000E-03,+422.11055E-03,+663.31658E-03
-6.79000E-03,+404.52261E-03,+703.51758E-03
-6.78000E-03,+415.82914E-03,+683.41708E-03
-6.77000E-03,+409.54773E-03,+626.88442E-03
-6.76000E-03,+430.90452E-03,+541.45728E-03
-6.75000E-03,+414.57286E-03,+496.23115E-03
-6.74000E-03,+405.77889E-03,+462.31155E-03
-6.73000E-03,+402.01005E-03,+459.79899E-03
-6.72000E-03,+381.90954E-03,+482.41206E-03
-6.71000E-03,+381.90954E-03,+525.12562E-03
-6.70000E-03,+395.72864E-03,+592.96482E-03
-6.69000E-03,+393.21608E-03,+654.52261E-03
-6.68000E-03,+391.95979E-03,+683.41708E-03
-6.67000E-03,+381.90954E-03,+669.59798E-03
-6.66000E-03,+376.88442E-03,+626.88442E-03
-6.65000E-03,+381.90954E-03,+566.58291E-03
-6.64000E-03,+381.90954E-03,+541.45728E-03
-6.63000E-03,+378.14070E-03,+462.31155E-03
-6.62000E-03,+361.80904E-03,+472.36180E-03
-6.61000E-03,+349.24623E-03,+469.84924E-03
-6.60000E-03,+370.60301E-03,+522.61306E-03
-6.59000E-03,+361.80904E-03,+575.37688E-03
-6.58000E-03,+361.80904E-03,+623.11557E-03
-6.57000E-03,+361.80904E-03,+660.80401E-03
-6.56000E-03,+360.55276E-03,+643.21607E-03
-6.55000E-03,+344.22110E-03,+636.93467E-03
-6.54000E-03,+346.73366E-03,+611.80904E-03
-6.53000E-03,+341.70854E-03,+554.02009E-03
-6.52000E-03,+341.70854E-03,+502.51256E-03
-6.51000E-03,+327.88944E-03,+488.69346E-03
-6.50000E-03,+341.70854E-03,+502.51256E-03
-6.49000E-03,+321.60804E-03,+520.10050E-03
-6.48000E-03,+321.60804E-03,+582.91457E-03
-6.47000E-03,+326.63316E-03,+623.11557E-03
-6.46000E-03,+341.70854E-03,+628.14070E-03
-6.45000E-03,+321.60804E-03,+650.75376E-03
-6.44000E-03,+321.60804E-03,+631.90954E-03
-6.43000E-03,+334.17085E-03,+623.11557E-03
-6.42000E-03,+305.27638E-03,+551.50753E-03
-6.41000E-03,+319.09547E-03,+522.61306E-03
-6.40000E-03,+301.50753E-03,+482.41206E-03
-6.39000E-03,+317.83919E-03,+498.74371E-03
-6.38000E-03,+306.53266E-03,+502.51256E-03
-6.37000E-03,+301.50753E-03,+542.71356E-03
-6.36000E-03,+310.30150E-03,+592.96482E-03
-6.35000E-03,+301.50753E-03,+635.67839E-03
-6.34000E-03,+285.17588E-03,+638.19095E-03
-6.33000E-03,+281.40703E-03,+644.47235E-03
-6.32000E-03,+281.40703E-03,+603.01507E-03
-6.31000E-03,+281.40703E-03,+596.73366E-03
-6.30000E-03,+281.40703E-03,+542.71356E-03
-6.29000E-03,+281.40703E-03,+510.05025E-03
-6.28000E-03,+281.40703E-03,+511.30653E-03
-6.27000E-03,+267.58794E-03,+535.17587E-03
-6.26000E-03,+276.38191E-03,+522.61306E-03
-6.25000E-03,+262.56281E-03,+564.07035E-03
-6.24000E-03,+261.30653E-03,+621.85929E-03
-6.23000E-03,+261.30653E-03,+639.44723E-03
-6.22000E-03,+261.30653E-03,+616.83416E-03
-6.21000E-03,+252.51256E-03,+603.01507E-03
-6.20000E-03,+241.20603E-03,+562.81406E-03
-6.19000E-03,+253.76884E-03,+542.71356E-03
-6.18000E-03,+256.28140E-03,+506.28140E-03
-6.17000E-03,+258.79397E-03,+523.86934E-03
-6.16000E-03,+239.94975E-03,+522.61306E-03
-6.15000E-03,+223.61809E-03,+559.04522E-03
-6.14000E-03,+241.20603E-03,+567.83919E-03
-6.13000E-03,+241.20603E-03,+590.45225E-03
-6.12000E-03,+231.15578E-03,+603.01507E-03
-6.11000E-03,+214.82412E-03,+628.14070E-03
-6.10000E-03,+236.18090E-03,+606.78391E-03
-6.09000E-03,+221.10553E-03,+584.17085E-03
-6.08000E-03,+221.10553E-03,+561.55778E-03
-6.07000E-03,+234.92462E-03,+556.53266E-03
-6.06000E-03,+206.03015E-03,+542.71356E-03
-6.05000E-03,+212.31156E-03,+533.91959E-03
-6.04000E-03,+221.10553E-03,+542.71356E-03
-6.03000E-03,+221.10553E-03,+542.71356E-03
-6.02000E-03,+201.00502E-03,+577.88944E-03
-6.01000E-03,+202.26130E-03,+600.50251E-03
-6.00000E-03,+201.00502E-03,+603.01507E-03
-5.99000E-03,+217.33668E-03,+585.42713E-03
-5.98000E-03,+185.92965E-03,+591.70854E-03
-5.97000E-03,+201.00502E-03,+562.81406E-03
-5.96000E-03,+180.90452E-03,+542.71356E-03
-5.95000E-03,+174.62311E-03,+542.71356E-03
-5.94000E-03,+175.87940E-03,+557.78894E-03
-5.93000E-03,+198.49246E-03,+560.30150E-03
-5.92000E-03,+180.90452E-03,+542.71356E-03
-5.91000E-03,+177.13568E-03,+579.14572E-03
-5.90000E-03,+165.82914E-03,+603.01507E-03
-5.89000E-03,+168.34171E-03,+603.01507E-03
-5.88000E-03,+170.85427E-03,+582.91457E-03
-5.87000E-03,+180.90452E-03,+603.01507E-03
-5.86000E-03,+180.90452E-03,+562.81406E-03
-5.85000E-03,+160.80402E-03,+562.81406E-03
-5.84000E-03,+160.80402E-03,+542.71356E-03
-5.83000E-03,+160.80402E-03,+542.71356E-03
-5.82000E-03,+140.70352E-03,+556.53266E-03
-5.81000E-03,+140.70352E-03,+574.12060E-03
-5.80000E-03,+149.49749E-03,+571.60803E-03
-5.79000E-03,+146.98492E-03,+595.47738E-03
-5.78000E-03,+140.70352E-03,+582.91457E-03
-5.77000E-03,+141.95980E-03,+584.17085E-03
-5.76000E-03,+140.70352E-03,+582.91457E-03
-5.75000E-03,+120.60301E-03,+565.32663E-03
-5.74000E-03,+134.42211E-03,+547.73869E-03
-5.73000E-03,+128.14070E-03,+554.02009E-03
-5.72000E-03,+120.60301E-03,+542.71356E-03
-5.71000E-03,+133.16583E-03,+555.27638E-03
-5.70000E-03,+135.67839E-03,+542.71356E-03
-5.69000E-03,+120.60301E-03,+560.30150E-03
-5.68000E-03,+119.34673E-03,+582.91457E-03
-5.67000E-03,+116.83417E-03,+585.42713E-03
-5.66000E-03,+114.32161E-03,+582.91457E-03
-5.65000E-03,+100.50251E-03,+586.68341E-03
-5.64000E-03,+100.50251E-03,+591.70854E-03
-5.63000E-03,+86.68342E-03,+569.09547E-03
-5.62000E-03,+84.17085E-03,+562.81406E-03
-5.61000E-03,+100.50251E-03,+543.96984E-03
-5.60000E-03,+80.40201E-03,+522.61306E-03
-5.59000E-03,+100.50251E-03,+545.22612E-03
-5.58000E-03,+80.40201E-03,+567.83919E-03
-5.57000E-03,+87.93970E-03,+582.91457E-03
-5.56000E-03,+90.45226E-03,+582.91457E-03
-5.55000E-03,+92.96482E-03,+582.91457E-03
-5.54000E-03,+80.40201E-03,+566.58291E-03
-5.53000E-03,+80.40201E-03,+562.81406E-03
-5.52000E-03,+60.30151E-03,+562.81406E-03
-5.51000E-03,+80.40201E-03,+545.22612E-03
-5.50000E-03,+60.30151E-03,+556.53266E-03
-5.49000E-03,+60.30151E-03,+550.25125E-03
-5.48000E-03,+50.25126E-03,+562.81406E-03
-5.47000E-03,+66.58291E-03,+569.09547E-03
-5.46000E-03,+60.30151E-03,+586.68341E-03
-5.45000E-03,+61.55779E-03,+600.50251E-03
-5.44000E-03,+59.04523E-03,+562.81406E-03
-5.43000E-03,+60.30151E-03,+585.42713E-03
-5.42000E-03,+40.20100E-03,+562.81406E-03
-5.41000E-03,+31.40703E-03,+562.81406E-03
-5.40000E-03,+40.20100E-03,+542.71356E-03
-5.39000E-03,+32.66332E-03,+542.71356E-03
-5.38000E-03,+40.20100E-03,+546.48241E-03
-5.37000E-03,+20.10050E-03,+562.81406E-03
-5.36000E-03,+38.94472E-03,+601.75879E-03
-5.35000E-03,+22.61307E-03,+582.91457E-03
-5.34000E-03,+25.12563E-03,+582.91457E-03
-5.33000E-03,+20.10050E-03,+582.91457E-03
-5.32000E-03,+8.79397E-03,+571.60803E-03
-5.31000E-03,+20.10050E-03,+582.91457E-03
-5.30000E-03,+3.76884E-03,+582.91457E-03
-5.29000E-03,+17.58794E-03,+543.96984E-03
-5.28000E-03,-18.84422E-03,+522.61306E-03
-5.27000E-03,+0.0E+00,+542.71356E-03
-5.26000E-03,+13.81910E-03,+542.71356E-03
-5.25000E-03,-11.30653E-03,+562.81406E-03
-5.24000E-03,+0.0E+00,+562.81406E-03
-5.23000E-03,+0.0E+00,+582.91457E-03
-5.22000E-03,-15.07538E-03,+592.96482E-03
-5.21000E-03,+17.58794E-03,+582.91457E-03
-5.20000E-03,+0.0E+00,+582.91457E-03
-5.19000E-03,-20.10050E-03,+562.81406E-03
-5.18000E-03,-13.81910E-03,+562.81406E-03
-5.17000E-03,-20.10050E-03,+542.71356E-03
-5.16000E-03,-20.10050E-03,+531.40703E-03
-5.15000E-03,-20.10050E-03,+555.27638E-03
-5.14000E-03,-35.17588E-03,+562.81406E-03
-5.13000E-03,-37.68844E-03,+595.47738E-03
-5.12000E-03,-40.20100E-03,+582.91457E-03
-5.11000E-03,-22.61307E-03,+585.42713E-03
-5.10000E-03,-54.02010E-03,+603.01507E-03
-5.09000E-03,-51.50754E-03,+574.12060E-03
-5.08000E-03,-40.20100E-03,+562.81406E-03
-5.07000E-03,-46.48241E-03,+562.81406E-03
-5.06000E-03,-55.27638E-03,+551.50753E-03
-5.05000E-03,-60.30151E-03,+542.71356E-03
-5.04000E-03,-79.14573E-03,+542.71356E-03
-5.03000E-03,-62.81407E-03,+542.71356E-03
-5.02000E-03,-60.30151E-03,+582.91457E-03
-5.01000E-03,-67.83920E-03,+574.12060E-03
-5.00000E-03,-69.09548E-03,+571.60803E-03
-4.99000E-03,-66.58291E-03,+582.91457E-03
-4.98000E-03,-64.07035E-03,+582.91457E-03
-4.97000E-03,-80.40201E-03,+580.40200E-03
-4.96000E-03,-99.24623E-03,+561.55778E-03
-4.95000E-03,-62.81407E-03,+562.81406E-03
-4.94000E-03,-74.12060E-03,+556.53266E-03
-4.93000E-03,-100.50251E-03,+542.71356E-03
-4.92000E-03,-80.40201E-03,+542.71356E-03
-4.91000E-03,-80.40201E-03,+569.09547E-03
-4.90000E-03,-100.50251E-03,+572.86432E-03
-4.89000E-03,-100.50251E-03,+564.07035E-03
-4.88000E-03,-100.50251E-03,+582.91457E-03
-4.87000E-03,-116.83417E-03,+582.91457E-03
-4.86000E-03,-120.60301E-03,+582.91457E-03
-4.85000E-03,-100.50251E-03,+582.91457E-03
-4.84000E-03,-109.29648E-03,+562.81406E-03
-4.83000E-03,-120.60301E-03,+555.27638E-03
-4.82000E-03,-120.60301E-03,+542.71356E-03
-4.81000E-03,-138.19095E-03,+542.71356E-03
-4.80000E-03,-120.60301E-03,+562.81406E-03
-4.79000E-03,-134.42211E-03,+562.81406E-03
-4.78000E-03,-120.60301E-03,+582.91457E-03
-4.77000E-03,-131.90955E-03,+582.91457E-03
-4.76000E-03,-140.70352E-03,+562.81406E-03
-4.75000E-03,-140.70352E-03,+569.09547E-03
-4.74000E-03,-109.29648E-03,+582.91457E-03
-4.73000E-03,-140.70352E-03,+580.40200E-03
-4.72000E-03,-140.70352E-03,+562.81406E-03
-4.71000E-03,-160.80402E-03,+547.73869E-03
-4.70000E-03,-154.52261E-03,+567.83919E-03
-4.69000E-03,-152.01005E-03,+574.12060E-03
-4.68000E-03,-149.49749E-03,+562.81406E-03
-4.67000E-03,-167.08543E-03,+555.27638E-03
-4.66000E-03,-175.87940E-03,+562.81406E-03
-4.65000E-03,-162.06030E-03,+580.40200E-03
-4.64000E-03,-160.80402E-03,+581.65829E-03
-4.63000E-03,-177.13568E-03,+562.81406E-03
-4.62000E-03,-180.90452E-03,+567.83919E-03
-4.61000E-03,-184.67336E-03,+582.91457E-03
-4.60000E-03,-190.95477E-03,+571.60803E-03
-4.59000E-03,-180.90452E-03,+555.27638E-03
-4.58000E-03,-164.57286E-03,+566.58291E-03
-4.57000E-03,-182.16080E-03,+582.91457E-03
-4.56000E-03,-160.80402E-03,+542.71356E-03
-4.55000E-03,-197.23618E-03,+542.71356E-03
-4.54000E-03,-201.00502E-03,+576.63316E-03
-4.53000E-03,-201.00502E-03,+542.71356E-03
-4.52000E-03,-201.00502E-03,+552.76381E-03
-4.51000E-03,-201.00502E-03,+555.27638E-03
-4.50000E-03,-201.00502E-03,+572.86432E-03
-4.49000E-03,-218.59296E-03,+597.98994E-03
-4.48000E-03,-201.00502E-03,+603.01507E-03
-4.47000E-03,-203.51759E-03,+579.14572E-03
-4.46000E-03,-201.00502E-03,+576.63316E-03
-4.45000E-03,-221.10553E-03,+562.81406E-03
-4.44000E-03,-231.15578E-03,+551.50753E-03
-4.43000E-03,-233.66834E-03,+542.71356E-03
-4.42000E-03,-224.87437E-03,+542.71356E-03
-4.41000E-03,-236.18090E-03,+546.48241E-03
-4.40000E-03,-241.20603E-03,+581.65829E-03
-4.39000E-03,-221.10553E-03,+562.81406E-03
-4.38000E-03,-241.20603E-03,+576.63316E-03
-4.37000E-03,-228.64321E-03,+574.12060E-03
-4.36000E-03,-231.15578E-03,+592.96482E-03
-4.35000E-03,-253.76884E-03,+569.09547E-03
-4.34000E-03,-236.18090E-03,+566.58291E-03
-4.33000E-03,-241.20603E-03,+580.40200E-03
-4.32000E-03,-261.30653E-03,+581.65829E-03
-4.31000E-03,-263.81909E-03,+562.81406E-03
-4.30000E-03,-255.02512E-03,+556.53266E-03
-4.29000E-03,-261.30653E-03,+542.71356E-03
-4.28000E-03,-261.30653E-03,+571.60803E-03
-4.27000E-03,-273.86934E-03,+575.37688E-03
-4.26000E-03,-256.28140E-03,+582.91457E-03
-4.25000E-03,-262.56281E-03,+600.50251E-03
-4.24000E-03,-280.15075E-03,+582.91457E-03
-4.23000E-03,-283.91959E-03,+582.91457E-03
-4.22000E-03,-281.40703E-03,+576.63316E-03
-4.21000E-03,-281.40703E-03,+562.81406E-03
-4.20000E-03,-291.45728E-03,+582.91457E-03
-4.19000E-03,-281.40703E-03,+555.27638E-03
-4.18000E-03,-301.50753E-03,+557.78894E-03
-4.17000E-03,-301.50753E-03,+560.30150E-03
-4.16000E-03,-301.50753E-03,+581.65829E-03
-4.15000E-03,-297.73869E-03,+565.32663E-03
-4.14000E-03,-301.50753E-03,+576.63316E-03
-4.13000E-03,-301.50753E-03,+582.91457E-03
-4.12000E-03,-310.30150E-03,+571.60803E-03
-4.11000E-03,-301.50753E-03,+555.27638E-03
-4.10000E-03,-321.60804E-03,+557.78894E-03
-4.09000E-03,-321.60804E-03,+562.81406E-03
-4.08000E-03,-321.60804E-03,+561.55778E-03
-4.07000E-03,-321.60804E-03,+579.14572E-03
-4.06000E-03,-306.53266E-03,+572.86432E-03
-4.05000E-03,-321.60804E-03,+590.45225E-03
-4.04000E-03,-341.70854E-03,+591.70854E-03
-4.03000E-03,-341.70854E-03,+595.47738E-03
-4.02000E-03,-341.70854E-03,+586.68341E-03
-4.01000E-03,-359.29648E-03,+564.07035E-03
-4.00000E-03,-341.70854E-03,+542.71356E-03
-3.99000E-03,-341.70854E-03,+545.22612E-03
-3.98000E-03,-341.70854E-03,+547.73869E-03
-3.97000E-03,-341.70854E-03,+582.91457E-03
-3.96000E-03,-341.70854E-03,+572.86432E-03
-3.95000E-03,-347.98995E-03,+582.91457E-03
-3.94000E-03,-345.47738E-03,+586.68341E-03
-3.93000E-03,-342.96482E-03,+603.01507E-03
-3.92000E-03,-361.80904E-03,+582.91457E-03
-3.91000E-03,-358.04020E-03,+562.81406E-03
-3.90000E-03,-375.62814E-03,+562.81406E-03
-3.89000E-03,-369.34673E-03,+562.81406E-03
-3.88000E-03,-361.80904E-03,+552.76381E-03
-3.87000E-03,-381.90954E-03,+548.99497E-03
-3.86000E-03,-376.88442E-03,+542.71356E-03
-3.85000E-03,-342.96482E-03,+543.96984E-03
-3.84000E-03,-380.65326E-03,+562.81406E-03
-3.83000E-03,-381.90954E-03,+562.81406E-03
-3.82000E-03,-395.72864E-03,+567.83919E-03
-3.81000E-03,-381.90954E-03,+582.91457E-03
-3.80000E-03,-381.90954E-03,+582.91457E-03
-3.79000E-03,-394.47236E-03,+595.47738E-03
-3.78000E-03,-402.01005E-03,+582.91457E-03
-3.77000E-03,-402.01005E-03,+564.07035E-03
-3.76000E-03,-402.01005E-03,+581.65829E-03
-3.75000E-03,-402.01005E-03,+582.91457E-03
-3.74000E-03,-386.93467E-03,+562.81406E-03
-3.73000E-03,-422.11055E-03,+570.35175E-03
-3.72000E-03,-422.11055E-03,+572.86432E-03
-3.71000E-03,-402.01005E-03,+569.09547E-03
-3.70000E-03,-417.08542E-03,+566.58291E-03
-3.69000E-03,-422.11055E-03,+562.81406E-03
-3.68000E-03,-422.11055E-03,+582.91457E-03
-3.67000E-03,-424.62311E-03,+562.81406E-03
-3.66000E-03,-435.92964E-03,+582.91457E-03
-3.65000E-03,-433.41708E-03,+570.35175E-03
-3.64000E-03,-432.16080E-03,+571.60803E-03
-3.63000E-03,-442.21105E-03,+555.27638E-03
-3.62000E-03,-442.21105E-03,+557.78894E-03
-3.61000E-03,-442.21105E-03,+566.58291E-03
-3.60000E-03,-442.21105E-03,+542.71356E-03
-3.59000E-03,-442.21105E-03,+582.91457E-03
-3.58000E-03,-456.03015E-03,+582.91457E-03
-3.57000E-03,-453.51758E-03,+582.91457E-03
-3.56000E-03,-462.31155E-03,+592.96482E-03
-3.55000E-03,-454.77386E-03,+582.91457E-03
-3.54000E-03,-457.28643E-03,+566.58291E-03
-3.53000E-03,-462.31155E-03,+562.81406E-03
-3.52000E-03,-462.31155E-03,+562.81406E-03
-3.51000E-03,-464.82412E-03,+559.04522E-03
-3.50000E-03,-472.36180E-03,+567.83919E-03
-3.49000E-03,-469.84924E-03,+557.78894E-03
-3.48000E-03,-471.10552E-03,+562.81406E-03
-3.47000E-03,-474.87437E-03,+569.09547E-03
-3.46000E-03,-482.41206E-03,+582.91457E-03
-3.45000E-03,-502.51256E-03,+600.50251E-03
-3.44000E-03,-482.41206E-03,+582.91457E-03
-3.43000E-03,-502.51256E-03,+565.32663E-03
-3.42000E-03,-487.43718E-03,+562.81406E-03
-3.41000E-03,-513.81909E-03,+554.02009E-03
-3.40000E-03,-502.51256E-03,+551.50753E-03
-3.39000E-03,-494.97487E-03,+542.71356E-03
-3.38000E-03,-517.58793E-03,+572.86432E-03
-3.37000E-03,-520.10050E-03,+562.81406E-03
-3.36000E-03,-522.61306E-03,+581.65829E-03
-3.35000E-03,-502.51256E-03,+582.91457E-03
-3.34000E-03,-527.63819E-03,+587.93969E-03
-3.33000E-03,-522.61306E-03,+574.12060E-03
-3.32000E-03,-522.61306E-03,+603.01507E-03
-3.31000E-03,-535.17587E-03,+587.93969E-03
-3.30000E-03,-526.38190E-03,+562.81406E-03
-3.29000E-03,-522.61306E-03,+562.81406E-03
-3.28000E-03,-542.71356E-03,+542.71356E-03
-3.27000E-03,-542.71356E-03,+547.73869E-03
-3.26000E-03,-542.71356E-03,+552.76381E-03
-3.25000E-03,-530.15075E-03,+574.12060E-03
-3.24000E-03,-542.71356E-03,+552.76381E-03
-3.23000E-03,-548.99497E-03,+582.91457E-03
-3.22000E-03,-557.78894E-03,+586.68341E-03
-3.21000E-03,-562.81406E-03,+603.01507E-03
-3.20000E-03,-581.65829E-03,+582.91457E-03
-3.19000E-03,-562.81406E-03,+603.01507E-03
-3.18000E-03,-562.81406E-03,+576.63316E-03
-3.17000E-03,-562.81406E-03,+562.81406E-03
-3.16000E-03,-562.81406E-03,+542.71356E-03
-3.15000E-03,-575.37688E-03,+548.99497E-03
-3.14000E-03,-566.58291E-03,+562.81406E-03
-3.13000E-03,-564.07035E-03,+580.40200E-03
-3.12000E-03,-582.91457E-03,+582.91457E-03
-3.11000E-03,-582.91457E-03,+565.32663E-03
-3.10000E-03,-576.63316E-03,+587.93969E-03
-3.09000E-03,-590.45225E-03,+590.45225E-03
-3.08000E-03,-571.60803E-03,+571.60803E-03
-3.07000E-03,-582.91457E-03,+569.09547E-03
-3.06000E-03,-586.68341E-03,+566.58291E-03
-3.05000E-03,-584.17085E-03,+562.81406E-03
-3.04000E-03,-582.91457E-03,+562.81406E-03
-3.03000E-03,-623.11557E-03,+547.73869E-03
-3.02000E-03,-616.83416E-03,+582.91457E-03
-3.01000E-03,-590.45225E-03,+557.78894E-03
-3.00000E-03,-611.80904E-03,+592.96482E-03
-2.99000E-03,-623.11557E-03,+589.19597E-03
-2.98000E-03,-606.78391E-03,+582.91457E-03
-2.97000E-03,-623.11557E-03,+564.07035E-03
-2.96000E-03,-623.11557E-03,+581.65829E-03
-2.95000E-03,-639.44723E-03,+585.42713E-03
-2.94000E-03,-636.93467E-03,+562.81406E-03
-2.93000E-03,-643.21607E-03,+574.12060E-03
-2.92000E-03,-643.21607E-03,+562.81406E-03
-2.91000E-03,-648.24120E-03,+575.37688E-03
-2.90000E-03,-638.19095E-03,+566.58291E-03
-2.89000E-03,-643.21607E-03,+580.40200E-03
-2.88000E-03,-662.06029E-03,+601.75879E-03
-2.87000E-03,-643.21607E-03,+585.42713E-03
-2.86000E-03,-653.26632E-03,+596.73366E-03
-2.85000E-03,-650.75376E-03,+562.81406E-03
-2.84000E-03,-663.31658E-03,+582.91457E-03
-2.83000E-03,-663.31658E-03,+555.27638E-03
-2.82000E-03,-663.31658E-03,+537.68844E-03
-2.81000E-03,-680.90452E-03,+543.96984E-03
-2.80000E-03,-663.31658E-03,+562.81406E-03
-2.79000E-03,-679.64823E-03,+565.32663E-03
-2.78000E-03,-677.13567E-03,+596.73366E-03
-2.77000E-03,-674.62311E-03,+603.01507E-03
-2.76000E-03,-692.21105E-03,+581.65829E-03
-2.75000E-03,-683.41708E-03,+424.62311E-03
-2.74000E-03,-663.31658E-03,+7.53769E-03
-2.73000E-03,-664.57286E-03,-531.40703E-03
-2.72000E-03,-682.16080E-03,-1.24874371E+00
-2.71000E-03,-665.82914E-03,-1.51884420E+00
-2.70000E-03,-663.31658E-03,-1.62185928E+00
-2.69000E-03,-674.62311E-03,-1.33919597E+00
-2.68000E-03,-663.31658E-03,-922.11054E-03
-2.67000E-03,-643.21607E-03,-425.87939E-03
-2.66000E-03,-643.21607E-03,+74.12060E-03
-2.65000E-03,-643.21607E-03,+316.58291E-03
-2.64000E-03,-643.21607E-03,+280.15075E-03
-2.63000E-03,-643.21607E-03,-13.81910E-03
-2.62000E-03,-628.14070E-03,-463.56783E-03
-2.61000E-03,-623.11557E-03,-956.03014E-03
-2.60000E-03,-631.90954E-03,-1.26758793E+00
-2.59000E-03,-623.11557E-03,-1.41959797E+00
-2.58000E-03,-623.11557E-03,-1.32412059E+00
-2.57000E-03,-640.70351E-03,-944.72361E-03
-2.56000E-03,-623.11557E-03,-559.04522E-03
-2.55000E-03,-619.34673E-03,-168.34171E-03
-2.54000E-03,-616.83416E-03,+100.50251E-03
-2.53000E-03,-623.11557E-03,+111.80904E-03
-2.52000E-03,-613.06532E-03,-70.35176E-03
-2.51000E-03,-603.01507E-03,-364.32160E-03
-2.50000E-03,-597.98994E-03,-755.02512E-03
-2.49000E-03,-603.01507E-03,-1.07788944E+00
-2.48000E-03,-603.01507E-03,-1.22613064E+00
-2.47000E-03,-603.01507E-03,-1.19723617E+00
-2.46000E-03,-596.73366E-03,-1.00251255E+00
-2.45000E-03,-582.91457E-03,-670.85426E-03
-2.44000E-03,-592.96482E-03,-337.93969E-03
-2.43000E-03,-589.19597E-03,-121.85930E-03
-2.42000E-03,-566.58291E-03,+0.0E+00
-2.41000E-03,-582.91457E-03,-113.06533E-03
-2.40000E-03,-582.91457E-03,-322.86432E-03
-2.39000E-03,-562.81406E-03,-625.62813E-03
-2.38000E-03,-576.63316E-03,-909.54773E-03
-2.37000E-03,-562.81406E-03,-1.06783918E+00
-2.36000E-03,-571.60803E-03,-1.09422109E+00
-2.35000E-03,-562.81406E-03,-959.79898E-03
-2.34000E-03,-566.58291E-03,-684.67336E-03
-2.33000E-03,-562.81406E-03,-466.08040E-03
-2.32000E-03,-542.71356E-03,-258.79397E-03
-2.31000E-03,-562.81406E-03,-120.60301E-03
-2.30000E-03,-542.71356E-03,-175.87940E-03
-2.29000E-03,-530.15075E-03,-329.14573E-03
-2.28000E-03,-551.50753E-03,-533.91959E-03
-2.27000E-03,-528.89447E-03,-788.94472E-03
-2.26000E-03,-531.40703E-03,-949.74873E-03
-2.25000E-03,-543.96984E-03,-986.18089E-03
-2.24000E-03,-522.61306E-03,-943.46733E-03
-2.23000E-03,-525.12562E-03,-771.35678E-03
-2.22000E-03,-536.43216E-03,-540.20100E-03
-2.21000E-03,-510.05025E-03,-353.01507E-03
-2.20000E-03,-512.56281E-03,-270.10050E-03
-2.19000E-03,-522.61306E-03,-241.20603E-03
-2.18000E-03,-522.61306E-03,-336.68341E-03
-2.17000E-03,-520.10050E-03,-533.91959E-03
-2.16000E-03,-521.35678E-03,-723.61808E-03
-2.15000E-03,-505.02512E-03,-844.22110E-03
-2.14000E-03,-522.61306E-03,-909.54773E-03
-2.13000E-03,-502.51256E-03,-868.09044E-03
-2.12000E-03,-502.51256E-03,-772.61306E-03
-2.11000E-03,-488.69346E-03,-590.45225E-03
-2.10000E-03,-502.51256E-03,-435.92964E-03
-2.09000E-03,-499.99999E-03,-341.70854E-03
-2.08000E-03,-482.41206E-03,-321.60804E-03
-2.07000E-03,-482.41206E-03,-384.42211E-03
-2.06000E-03,-476.13065E-03,-512.56281E-03
-2.05000E-03,-482.41206E-03,-638.19095E-03
-2.04000E-03,-481.15577E-03,-773.86934E-03
-2.03000E-03,-482.41206E-03,-816.58291E-03
-2.02000E-03,-466.08040E-03,-827.88944E-03
-2.01000E-03,-462.31155E-03,-727.38693E-03
-2.00000E-03,-462.31155E-03,-621.85929E-03
-1.99000E-03,-462.31155E-03,-498.74371E-03
-1.98000E-03,-456.03015E-03,-430.90452E-03
-1.97000E-03,-462.31155E-03,-381.90954E-03
-1.96000E-03,-451.00502E-03,-412.06030E-03
-1.95000E-03,-448.49246E-03,-507.53768E-03
-1.94000E-03,-445.97989E-03,-613.06532E-03
-1.93000E-03,-443.46733E-03,-721.10552E-03
-1.92000E-03,-442.21105E-03,-783.91959E-03
-1.91000E-03,-442.21105E-03,-780.15075E-03
-1.90000E-03,-435.92964E-03,-743.71858E-03
-1.89000E-03,-429.64824E-03,-643.21607E-03
-1.88000E-03,-442.21105E-03,-551.50753E-03
-1.87000E-03,-428.39196E-03,-488.69346E-03
-1.86000E-03,-425.87939E-03,-437.18592E-03
-1.85000E-03,-422.11055E-03,-442.21105E-03
-1.84000E-03,-440.95477E-03,-482.41206E-03
-1.83000E-03,-422.11055E-03,-533.91959E-03
-1.82000E-03,-407.03517E-03,-653.26632E-03
-1.81000E-03,-402.01005E-03,-723.61808E-03
-1.80000E-03,-422.11055E-03,-753.76884E-03
-1.79000E-03,-388.19095E-03,-723.61808E-03
-1.78000E-03,-402.01005E-03,-652.01004E-03
-1.77000E-03,-383.16583E-03,-603.01507E-03
-1.76000E-03,-381.90954E-03,-521.35678E-03
-1.75000E-03,-384.42211E-03,-482.41206E-03
-1.74000E-03,-381.90954E-03,-482.41206E-03
-1.73000E-03,-389.44723E-03,-510.05025E-03
-1.72000E-03,-402.01005E-03,-562.81406E-03
-1.71000E-03,-402.01005E-03,-615.57788E-03
-1.70000E-03,-385.67839E-03,-678.39195E-03
-1.69000E-03,-399.49748E-03,-703.51758E-03
-1.68000E-03,-381.90954E-03,-703.51758E-03
-1.67000E-03,-381.90954E-03,-677.13567E-03
-1.66000E-03,-375.62814E-03,-611.80904E-03
-1.65000E-03,-373.11557E-03,-574.12060E-03
-1.64000E-03,-371.85929E-03,-511.30653E-03
-1.63000E-03,-368.09045E-03,-494.97487E-03
-1.62000E-03,-356.78392E-03,-517.58793E-03
-1.61000E-03,-361.80904E-03,-560.30150E-03
-1.60000E-03,-380.65326E-03,-582.91457E-03
-1.59000E-03,-358.04020E-03,-665.82914E-03
-1.58000E-03,-355.52763E-03,-683.41708E-03
-1.57000E-03,-341.70854E-03,-683.41708E-03
-1.56000E-03,-341.70854E-03,-672.11055E-03
-1.55000E-03,-347.98995E-03,-609.29648E-03
-1.54000E-03,-341.70854E-03,-566.58291E-03
-1.53000E-03,-341.70854E-03,-540.20100E-03
-1.52000E-03,-321.60804E-03,-522.61306E-03
-1.51000E-03,-337.93969E-03,-525.12562E-03
-1.50000E-03,-321.60804E-03,-552.76381E-03
-1.49000E-03,-332.91457E-03,-603.01507E-03
-1.48000E-03,-321.60804E-03,-633.16582E-03
-1.47000E-03,-321.60804E-03,-643.21607E-03
-1.46000E-03,-316.58291E-03,-643.21607E-03
-1.45000E-03,-321.60804E-03,-643.21607E-03
-1.44000E-03,-301.50753E-03,-603.01507E-03
-1.43000E-03,-301.50753E-03,-599.24622E-03
-1.42000E-03,-295.22613E-03,-562.81406E-03
-1.41000E-03,-288.94472E-03,-554.02009E-03
-1.40000E-03,-311.55779E-03,-542.71356E-03
-1.39000E-03,-307.78894E-03,-575.37688E-03
-1.38000E-03,-285.17588E-03,-592.96482E-03
-1.37000E-03,-301.50753E-03,-620.60301E-03
-1.36000E-03,-301.50753E-03,-623.11557E-03
-1.35000E-03,-283.91959E-03,-659.54773E-03
-1.34000E-03,-295.22613E-03,-648.24120E-03
-1.33000E-03,-281.40703E-03,-623.11557E-03
-1.32000E-03,-281.40703E-03,-591.70854E-03
-1.31000E-03,-281.40703E-03,-582.91457E-03
-1.30000E-03,-281.40703E-03,-577.88944E-03
-1.29000E-03,-262.56281E-03,-542.71356E-03
-1.28000E-03,-281.40703E-03,-562.81406E-03
-1.27000E-03,-257.53769E-03,-599.24622E-03
-1.26000E-03,-261.30653E-03,-623.11557E-03
-1.25000E-03,-261.30653E-03,-618.09045E-03
-1.24000E-03,-261.30653E-03,-631.90954E-03
-1.23000E-03,-261.30653E-03,-643.21607E-03
-1.22000E-03,-256.28140E-03,-626.88442E-03
-1.21000E-03,-261.30653E-03,-584.17085E-03
-1.20000E-03,-241.20603E-03,-582.91457E-03
-1.19000E-03,-261.30653E-03,-582.91457E-03
-1.18000E-03,-261.30653E-03,-562.81406E-03
-1.17000E-03,-241.20603E-03,-574.12060E-03
-1.16000E-03,-241.20603E-03,-582.91457E-03
-1.15000E-03,-241.20603E-03,-628.14070E-03
-1.14000E-03,-241.20603E-03,-618.09045E-03
-1.13000E-03,-241.20603E-03,-640.70351E-03
-1.12000E-03,-239.94975E-03,-623.11557E-03
-1.11000E-03,-203.51759E-03,-623.11557E-03
-1.10000E-03,-221.10553E-03,-603.01507E-03
-1.09000E-03,-221.10553E-03,-582.91457E-03
-1.08000E-03,-231.15578E-03,-571.60803E-03
-1.07000E-03,-213.56784E-03,-575.37688E-03
-1.06000E-03,-201.00502E-03,-577.88944E-03
-1.05000E-03,-198.49246E-03,-582.91457E-03
-1.04000E-03,-201.00502E-03,-603.01507E-03
-1.03000E-03,-201.00502E-03,-619.34673E-03
-1.02000E-03,-201.00502E-03,-603.01507E-03
-1.01000E-03,-192.21105E-03,-610.55276E-03
-1.00000E-03,-189.69849E-03,-631.90954E-03
-990.00E-06,-201.00502E-03,-603.01507E-03
-980.00E-06,-195.97990E-03,-603.01507E-03
-970.00E-06,-180.90452E-03,-580.40200E-03
-960.00E-06,-199.74874E-03,-582.91457E-03
-950.00E-06,-197.23618E-03,-565.32663E-03
-940.00E-06,-180.90452E-03,-582.91457E-03
-930.00E-06,-180.90452E-03,-594.22110E-03
-920.00E-06,-160.80402E-03,-611.80904E-03
-910.00E-06,-167.08543E-03,-635.67839E-03
-900.00E-06,-160.80402E-03,-623.11557E-03
-890.00E-06,-160.80402E-03,-640.70351E-03
-880.00E-06,-160.80402E-03,-623.11557E-03
-870.00E-06,-157.03517E-03,-603.01507E-03
-860.00E-06,-154.52261E-03,-596.73366E-03
-850.00E-06,-152.01005E-03,-582.91457E-03
-840.00E-06,-140.70352E-03,-571.60803E-03
-830.00E-06,-153.26633E-03,-582.91457E-03
-820.00E-06,-129.39698E-03,-582.91457E-03
-810.00E-06,-140.70352E-03,-600.50251E-03
-800.00E-06,-120.60301E-03,-603.01507E-03
-790.00E-06,-140.70352E-03,-605.52763E-03
-780.00E-06,-125.62814E-03,-608.04019E-03
-770.00E-06,-131.90955E-03,-610.55276E-03
-760.00E-06,-130.65326E-03,-613.06532E-03
-750.00E-06,-120.60301E-03,-589.19597E-03
-740.00E-06,-120.60301E-03,-566.58291E-03
-730.00E-06,-120.60301E-03,-566.58291E-03
-720.00E-06,-100.50251E-03,-562.81406E-03
-710.00E-06,-120.60301E-03,-582.91457E-03
-700.00E-06,-100.50251E-03,-587.93969E-03
-690.00E-06,-108.04020E-03,-603.01507E-03
-680.00E-06,-110.55276E-03,-613.06532E-03
-670.00E-06,-100.50251E-03,-623.11557E-03
-660.00E-06,-100.50251E-03,-618.09045E-03
-650.00E-06,-84.17085E-03,-586.68341E-03
-640.00E-06,-100.50251E-03,-603.01507E-03
-630.00E-06,-100.50251E-03,-603.01507E-03
-620.00E-06,-85.42713E-03,-603.01507E-03
-610.00E-06,-100.50251E-03,-582.91457E-03
-600.00E-06,-100.50251E-03,-582.91457E-03
-590.00E-06,-66.58291E-03,-582.91457E-03
-580.00E-06,-75.37688E-03,-603.01507E-03
-570.00E-06,-80.40201E-03,-584.17085E-03
-560.00E-06,-80.40201E-03,-603.01507E-03
-550.00E-06,-60.30151E-03,-605.52763E-03
-540.00E-06,-65.32663E-03,-608.04019E-03
-530.00E-06,-60.30151E-03,-610.55276E-03
-520.00E-06,-69.09548E-03,-603.01507E-03
-510.00E-06,-60.30151E-03,-589.19597E-03
-500.00E-06,-60.30151E-03,-597.98994E-03
-490.00E-06,-61.55779E-03,-603.01507E-03
-480.00E-06,-60.30151E-03,-582.91457E-03
-470.00E-06,-56.53266E-03,-599.24622E-03
-460.00E-06,-60.30151E-03,-596.73366E-03
-450.00E-06,-51.50754E-03,-614.32160E-03
-440.00E-06,-40.20100E-03,-591.70854E-03
-430.00E-06,-40.20100E-03,-603.01507E-03
-420.00E-06,-23.86935E-03,-603.01507E-03
-410.00E-06,-37.68844E-03,-584.17085E-03
-400.00E-06,-40.20100E-03,-601.75879E-03
-390.00E-06,-33.91960E-03,-619.34673E-03
-380.00E-06,-33.91960E-03,-603.01507E-03
-370.00E-06,-20.10050E-03,-603.01507E-03
-360.00E-06,-30.15075E-03,-603.01507E-03
-350.00E-06,-20.10050E-03,-603.01507E-03
-340.00E-06,-20.10050E-03,-603.01507E-03
-330.00E-06,-20.10050E-03,-584.17085E-03
-320.00E-06,-18.84422E-03,-582.91457E-03
-310.00E-06,-2.51256E-03,-603.01507E-03
-300.00E-06,+8.79397E-03,-596.73366E-03
-290.00E-06,+7.53769E-03,-597.98994E-03
-280.00E-06,-10.05025E-03,-623.11557E-03
-270.00E-06,+0.0E+00,-615.57788E-03
-260.00E-06,+3.76884E-03,-618.09045E-03
-250.00E-06,+0.0E+00,-603.01507E-03
-240.00E-06,+0.0E+00,-603.01507E-03
-230.00E-06,+20.10050E-03,-603.01507E-03
-220.00E-06,+13.81910E-03,-611.80904E-03
-210.00E-06,+27.63819E-03,-574.12060E-03
-200.00E-06,+20.10050E-03,-582.91457E-03
-190.00E-06,+20.10050E-03,-582.91457E-03
-180.00E-06,+20.10050E-03,-582.91457E-03
-170.00E-06,+37.68844E-03,-580.40200E-03
-160.00E-06,+20.10050E-03,-603.01507E-03
-150.00E-06,+40.20100E-03,-605.52763E-03
-140.00E-06,+40.20100E-03,-603.01507E-03
-130.00E-06,+40.20100E-03,-623.11557E-03
-120.00E-06,+48.99497E-03,-611.80904E-03
-110.00E-06,+46.48241E-03,-603.01507E-03
-100.00E-06,+60.30151E-03,-597.98994E-03
-90.00E-06,+57.78894E-03,-604.27135E-03
-80.00E-06,+59.04523E-03,-603.01507E-03
-70.00E-06,+62.81407E-03,-582.91457E-03
-60.00E-06,+54.02010E-03,-603.01507E-03
-50.00E-06,+67.83920E-03,-603.01507E-03
-40.00E-06,+60.30151E-03,-611.80904E-03
-30.00E-06,+72.86432E-03,-603.01507E-03
-20.00E-06,+80.40201E-03,-618.09045E-03
-10.00E-06,+77.88945E-03,-603.01507E-03
-0.0E+00,+99.24623E-03,-621.85929E-03
+10.00E-06,+80.40201E-03,-599.24622E-03
+20.00E-06,+80.40201E-03,-608.04019E-03
+30.00E-06,+80.40201E-03,-603.01507E-03
+40.00E-06,+90.45226E-03,-603.01507E-03
+50.00E-06,+80.40201E-03,-589.19597E-03
+60.00E-06,+95.47739E-03,-586.68341E-03
+70.00E-06,+81.65829E-03,-620.60301E-03
+80.00E-06,+100.50251E-03,-601.75879E-03
+90.00E-06,+100.50251E-03,-582.91457E-03
+100.00E-06,+100.50251E-03,-603.01507E-03
+110.00E-06,+100.50251E-03,-590.45225E-03
+120.00E-06,+100.50251E-03,-603.01507E-03
+130.00E-06,+100.50251E-03,-595.47738E-03
+140.00E-06,+104.27136E-03,-618.09045E-03
+150.00E-06,+120.60301E-03,-604.27135E-03
+160.00E-06,+120.60301E-03,-603.01507E-03
+170.00E-06,+123.11558E-03,-619.34673E-03
+180.00E-06,+125.62814E-03,-603.01507E-03
+190.00E-06,+131.90955E-03,-603.01507E-03
+200.00E-06,+129.39698E-03,-592.96482E-03
+210.00E-06,+126.88442E-03,-582.91457E-03
+220.00E-06,+140.70352E-03,-582.91457E-03
+230.00E-06,+140.70352E-03,-584.17085E-03
+240.00E-06,+140.70352E-03,-621.85929E-03
+250.00E-06,+123.11558E-03,-603.01507E-03
+260.00E-06,+140.70352E-03,-603.01507E-03
+270.00E-06,+152.01005E-03,-614.32160E-03
+280.00E-06,+150.75377E-03,-613.06532E-03
+290.00E-06,+160.80402E-03,-623.11557E-03
+300.00E-06,+160.80402E-03,-603.01507E-03
+310.00E-06,+141.95980E-03,-603.01507E-03
+320.00E-06,+160.80402E-03,-603.01507E-03
+330.00E-06,+145.72864E-03,-599.24622E-03
+340.00E-06,+174.62311E-03,-596.73366E-03
+350.00E-06,+172.11055E-03,-582.91457E-03
+360.00E-06,+180.90452E-03,-592.96482E-03
+370.00E-06,+180.90452E-03,-589.19597E-03
+380.00E-06,+180.90452E-03,-618.09045E-03
+390.00E-06,+178.39196E-03,-623.11557E-03
+400.00E-06,+180.90452E-03,-603.01507E-03
+410.00E-06,+183.41708E-03,-605.52763E-03
+420.00E-06,+194.72362E-03,-623.11557E-03
+430.00E-06,+180.90452E-03,-614.32160E-03
+440.00E-06,+201.00502E-03,-611.80904E-03
+450.00E-06,+213.56784E-03,-595.47738E-03
+460.00E-06,+195.97990E-03,-597.98994E-03
+470.00E-06,+201.00502E-03,-603.01507E-03
+480.00E-06,+201.00502E-03,-603.01507E-03
+490.00E-06,+203.51759E-03,-605.52763E-03
+500.00E-06,+206.03015E-03,-616.83416E-03
+510.00E-06,+212.31156E-03,-610.55276E-03
+520.00E-06,+201.00502E-03,-603.01507E-03
+530.00E-06,+201.00502E-03,-623.11557E-03
+540.00E-06,+224.87437E-03,-603.01507E-03
+550.00E-06,+238.69346E-03,-584.17085E-03
+560.00E-06,+239.94975E-03,-582.91457E-03
+570.00E-06,+221.10553E-03,-603.01507E-03
+580.00E-06,+241.20603E-03,-596.73366E-03
+590.00E-06,+241.20603E-03,-594.22110E-03
+600.00E-06,+241.20603E-03,-592.96482E-03
+610.00E-06,+233.66834E-03,-615.57788E-03
+620.00E-06,+241.20603E-03,-591.70854E-03
+630.00E-06,+241.20603E-03,-603.01507E-03
+640.00E-06,+261.30653E-03,-623.11557E-03
+650.00E-06,+261.30653E-03,-623.11557E-03
+660.00E-06,+255.02512E-03,-616.83416E-03
+670.00E-06,+261.30653E-03,-610.55276E-03
+680.00E-06,+261.30653E-03,-603.01507E-03
+690.00E-06,+281.40703E-03,-603.01507E-03
+700.00E-06,+265.07537E-03,-603.01507E-03
+710.00E-06,+262.56281E-03,-600.50251E-03
+720.00E-06,+281.40703E-03,-603.01507E-03
+730.00E-06,+261.30653E-03,-603.01507E-03
+740.00E-06,+295.22613E-03,-603.01507E-03
+750.00E-06,+272.61306E-03,-623.11557E-03
+760.00E-06,+270.10050E-03,-611.80904E-03
+770.00E-06,+293.96985E-03,-609.29648E-03
+780.00E-06,+291.45728E-03,-623.11557E-03
+790.00E-06,+281.40703E-03,-584.17085E-03
+800.00E-06,+301.50753E-03,-603.01507E-03
+810.00E-06,+281.40703E-03,-603.01507E-03
+820.00E-06,+301.50753E-03,-587.93969E-03
+830.00E-06,+288.94472E-03,-603.01507E-03
+840.00E-06,+311.55779E-03,-591.70854E-03
+850.00E-06,+295.22613E-03,-589.19597E-03
+860.00E-06,+321.60804E-03,-603.01507E-03
+870.00E-06,+301.50753E-03,-604.27135E-03
+880.00E-06,+320.35176E-03,-623.11557E-03
+890.00E-06,+317.83919E-03,-608.04019E-03
+900.00E-06,+321.60804E-03,-623.11557E-03
+910.00E-06,+329.14573E-03,-614.32160E-03
+920.00E-06,+321.60804E-03,-591.70854E-03
+930.00E-06,+321.60804E-03,-603.01507E-03
+940.00E-06,+321.60804E-03,-582.91457E-03
+950.00E-06,+339.19598E-03,-582.91457E-03
+960.00E-06,+321.60804E-03,-582.91457E-03
+970.00E-06,+341.70854E-03,-603.01507E-03
+980.00E-06,+341.70854E-03,-608.04019E-03
+990.00E-06,+341.70854E-03,-623.11557E-03
+1.00000E-03,+350.50251E-03,-623.11557E-03
+1.01000E-03,+361.80904E-03,-643.21607E-03
+1.02000E-03,+356.78392E-03,-623.11557E-03
+1.03000E-03,+359.29648E-03,-603.01507E-03
+1.04000E-03,+361.80904E-03,-603.01507E-03
+1.05000E-03,+358.04020E-03,-585.42713E-03
+1.06000E-03,+361.80904E-03,-582.91457E-03
+1.07000E-03,+361.80904E-03,-582.91457E-03
+1.08000E-03,+361.80904E-03,-623.11557E-03
+1.09000E-03,+368.09045E-03,-623.11557E-03
+1.10000E-03,+376.88442E-03,-633.16582E-03
+1.11000E-03,+396.98492E-03,-624.37185E-03
+1.12000E-03,+381.90954E-03,-623.11557E-03
+1.13000E-03,+381.90954E-03,-603.01507E-03
+1.14000E-03,+395.72864E-03,-587.93969E-03
+1.15000E-03,+389.44723E-03,-594.22110E-03
+1.16000E-03,+402.01005E-03,-591.70854E-03
+1.17000E-03,+402.01005E-03,-595.47738E-03
+1.18000E-03,+402.01005E-03,-582.91457E-03
+1.19000E-03,+402.01005E-03,-603.01507E-03
+1.20000E-03,+402.01005E-03,-623.11557E-03
+1.21000E-03,+404.52261E-03,-623.11557E-03
+1.22000E-03,+422.11055E-03,-636.93467E-03
+1.23000E-03,+409.54773E-03,-623.11557E-03
+1.24000E-03,+410.80402E-03,-623.11557E-03
+1.25000E-03,+422.11055E-03,-609.29648E-03
+1.26000E-03,+437.18592E-03,-597.98994E-03
+1.27000E-03,+422.11055E-03,-600.50251E-03
+1.28000E-03,+422.11055E-03,-582.91457E-03
+1.29000E-03,+438.44221E-03,-603.01507E-03
+1.30000E-03,+427.13567E-03,-592.96482E-03
+1.31000E-03,+442.21105E-03,-614.32160E-03
+1.32000E-03,+442.21105E-03,-643.21607E-03
+1.33000E-03,+454.77386E-03,-623.11557E-03
+1.34000E-03,+442.21105E-03,-638.19095E-03
+1.35000E-03,+442.21105E-03,-604.27135E-03
+1.36000E-03,+442.21105E-03,-582.91457E-03
+1.37000E-03,+444.72361E-03,-582.91457E-03
+1.38000E-03,+447.23618E-03,-587.93969E-03
+1.39000E-03,+449.74874E-03,-582.91457E-03
+1.40000E-03,+451.00502E-03,-592.96482E-03
+1.41000E-03,+462.31155E-03,-603.01507E-03
+1.42000E-03,+462.31155E-03,-603.01507E-03
+1.43000E-03,+462.31155E-03,-623.11557E-03
+1.44000E-03,+481.15577E-03,-623.11557E-03
+1.45000E-03,+462.31155E-03,-623.11557E-03
+1.46000E-03,+462.31155E-03,-628.14070E-03
+1.47000E-03,+482.41206E-03,-597.98994E-03
+1.48000E-03,+482.41206E-03,-611.80904E-03
+1.49000E-03,+502.51256E-03,-595.47738E-03
+1.50000E-03,+497.48743E-03,-597.98994E-03
+1.51000E-03,+462.31155E-03,-600.50251E-03
+1.52000E-03,+501.25628E-03,-603.01507E-03
+1.53000E-03,+498.74371E-03,-603.01507E-03
+1.54000E-03,+502.51256E-03,-623.11557E-03
+1.55000E-03,+493.71859E-03,-623.11557E-03
+1.56000E-03,+502.51256E-03,-621.85929E-03
+1.57000E-03,+515.07537E-03,-623.11557E-03
+1.58000E-03,+517.58793E-03,-606.78391E-03
+1.59000E-03,+502.51256E-03,-603.01507E-03
+1.60000E-03,+502.51256E-03,-603.01507E-03
+1.61000E-03,+522.61306E-03,-619.34673E-03
+1.62000E-03,+522.61306E-03,-582.91457E-03
+1.63000E-03,+513.81909E-03,-590.45225E-03
+1.64000E-03,+531.40703E-03,-582.91457E-03
+1.65000E-03,+535.17587E-03,-595.47738E-03
+1.66000E-03,+517.58793E-03,-618.09045E-03
+1.67000E-03,+540.20100E-03,-623.11557E-03
+1.68000E-03,+522.61306E-03,-623.11557E-03
+1.69000E-03,+538.94472E-03,-623.11557E-03
+1.70000E-03,+527.63819E-03,-623.11557E-03
+1.71000E-03,+530.15075E-03,-603.01507E-03
+1.72000E-03,+532.66331E-03,-611.80904E-03
+1.73000E-03,+562.81406E-03,-609.29648E-03
+1.74000E-03,+557.78894E-03,-603.01507E-03
+1.75000E-03,+562.81406E-03,-604.27135E-03
+1.76000E-03,+562.81406E-03,-582.91457E-03
+1.77000E-03,+545.22612E-03,-603.01507E-03
+1.78000E-03,+556.53266E-03,-603.01507E-03
+1.79000E-03,+566.58291E-03,-603.01507E-03
+1.80000E-03,+572.86432E-03,-603.01507E-03
+1.81000E-03,+562.81406E-03,-635.67839E-03
+1.82000E-03,+582.91457E-03,-623.11557E-03
+1.83000E-03,+582.91457E-03,-620.60301E-03
+1.84000E-03,+582.91457E-03,-623.11557E-03
+1.85000E-03,+565.32663E-03,-623.11557E-03
+1.86000E-03,+587.93969E-03,-603.01507E-03
+1.87000E-03,+582.91457E-03,-590.45225E-03
+1.88000E-03,+582.91457E-03,-592.96482E-03
+1.89000E-03,+589.19597E-03,-582.91457E-03
+1.90000E-03,+582.91457E-03,-603.01507E-03
+1.91000E-03,+618.09045E-03,-620.60301E-03
+1.92000E-03,+603.01507E-03,-623.11557E-03
+1.93000E-03,+603.01507E-03,-643.21607E-03
+1.94000E-03,+603.01507E-03,-628.14070E-03
+1.95000E-03,+610.55276E-03,-623.11557E-03
+1.96000E-03,+611.80904E-03,-611.80904E-03
+1.97000E-03,+609.29648E-03,-615.57788E-03
+1.98000E-03,+618.09045E-03,-603.01507E-03
+1.99000E-03,+620.60301E-03,-584.17085E-03
+2.00000E-03,+623.11557E-03,-603.01507E-03
+2.01000E-03,+625.62813E-03,-582.91457E-03
+2.02000E-03,+623.11557E-03,-596.73366E-03
+2.03000E-03,+630.65326E-03,-603.01507E-03
+2.04000E-03,+631.90954E-03,-623.11557E-03
+2.05000E-03,+629.39698E-03,-603.01507E-03
+2.06000E-03,+643.21607E-03,-606.78391E-03
+2.07000E-03,+624.37185E-03,-623.11557E-03
+2.08000E-03,+643.21607E-03,-623.11557E-03
+2.09000E-03,+659.54773E-03,-623.11557E-03
+2.10000E-03,+643.21607E-03,-616.83416E-03
+2.11000E-03,+643.21607E-03,-603.01507E-03
+2.12000E-03,+663.31658E-03,-603.01507E-03
+2.13000E-03,+655.77889E-03,-616.83416E-03
+2.14000E-03,+663.31658E-03,-603.01507E-03
+2.15000E-03,+644.47235E-03,-604.27135E-03
+2.16000E-03,+682.16080E-03,-582.91457E-03
+2.17000E-03,+683.41708E-03,-623.11557E-03
+2.18000E-03,+663.31658E-03,-608.04019E-03
+2.19000E-03,+683.41708E-03,-610.55276E-03
+2.20000E-03,+672.11055E-03,-611.80904E-03
+2.21000E-03,+675.87939E-03,-584.17085E-03
+2.22000E-03,+667.08542E-03,-246.23115E-03
+2.23000E-03,+684.67336E-03,+239.94975E-03
+2.24000E-03,+682.16080E-03,+806.53265E-03
+2.25000E-03,+679.64823E-03,+1.30653265E+00
+2.26000E-03,+663.31658E-03,+1.55778893E+00
+2.27000E-03,+663.31658E-03,+1.50753767E+00
+2.28000E-03,+652.01004E-03,+1.13316582E+00
+2.29000E-03,+649.49748E-03,+606.78391E-03
+2.30000E-03,+643.21607E-03,+90.45226E-03
+2.31000E-03,+663.31658E-03,-216.08040E-03
+2.32000E-03,+662.06029E-03,-360.55276E-03
+2.33000E-03,+659.54773E-03,-183.41708E-03
+2.34000E-03,+636.93467E-03,+198.49246E-03
+2.35000E-03,+643.21607E-03,+689.69849E-03
+2.36000E-03,+633.16582E-03,+1.09547738E+00
+2.37000E-03,+623.11557E-03,+1.29145727E+00
+2.38000E-03,+638.19095E-03,+1.34673365E+00
+2.39000E-03,+643.21607E-03,+1.17336682E+00
+2.40000E-03,+641.95979E-03,+760.05024E-03
+2.41000E-03,+623.11557E-03,+351.75879E-03
+2.42000E-03,+623.11557E-03,+7.53769E-03
+2.43000E-03,+623.11557E-03,-148.24120E-03
+2.44000E-03,+603.01507E-03,-77.88945E-03
+2.45000E-03,+615.57788E-03,+190.95477E-03
+2.46000E-03,+603.01507E-03,+538.94472E-03
+2.47000E-03,+623.11557E-03,+907.03517E-03
+2.48000E-03,+603.01507E-03,+1.12562813E+00
+2.49000E-03,+605.52763E-03,+1.21984923E+00
+2.50000E-03,+603.01507E-03,+1.06909547E+00
+2.51000E-03,+603.01507E-03,+820.35175E-03
+2.52000E-03,+592.96482E-03,+471.10552E-03
+2.53000E-03,+589.19597E-03,+195.97990E-03
+2.54000E-03,+582.91457E-03,+8.79397E-03
+2.55000E-03,+582.91457E-03,+32.66332E-03
+2.56000E-03,+582.91457E-03,+201.00502E-03
+2.57000E-03,+582.91457E-03,+456.03015E-03
+2.58000E-03,+582.91457E-03,+714.82411E-03
+2.59000E-03,+582.91457E-03,+984.92461E-03
+2.60000E-03,+582.91457E-03,+1.04522612E+00
+2.61000E-03,+575.37688E-03,+1.01884421E+00
+2.62000E-03,+562.81406E-03,+841.70853E-03
+2.63000E-03,+582.91457E-03,+552.76381E-03
+2.64000E-03,+542.71356E-03,+319.09547E-03
+2.65000E-03,+542.71356E-03,+177.13568E-03
+2.66000E-03,+547.73869E-03,+134.42211E-03
+2.67000E-03,+550.25125E-03,+223.61809E-03
+2.68000E-03,+552.76381E-03,+393.21608E-03
+2.69000E-03,+522.61306E-03,+634.42210E-03
+2.70000E-03,+542.71356E-03,+845.47738E-03
+2.71000E-03,+542.71356E-03,+944.72361E-03
+2.72000E-03,+542.71356E-03,+943.46733E-03
+2.73000E-03,+525.12562E-03,+811.55778E-03
+2.74000E-03,+522.61306E-03,+636.93467E-03
+2.75000E-03,+522.61306E-03,+418.34170E-03
+2.76000E-03,+531.40703E-03,+250.00000E-03
+2.77000E-03,+528.89447E-03,+213.56784E-03
+2.78000E-03,+506.28140E-03,+271.35678E-03
+2.79000E-03,+502.51256E-03,+413.31658E-03
+2.80000E-03,+502.51256E-03,+562.81406E-03
+2.81000E-03,+502.51256E-03,+768.84421E-03
+2.82000E-03,+516.33165E-03,+874.37185E-03
+2.83000E-03,+502.51256E-03,+891.95979E-03
+2.84000E-03,+502.51256E-03,+804.02009E-03
+2.85000E-03,+502.51256E-03,+684.67336E-03
+2.86000E-03,+486.18090E-03,+496.23115E-03
+2.87000E-03,+482.41206E-03,+368.09045E-03
+2.88000E-03,+501.25628E-03,+281.40703E-03
+2.89000E-03,+482.41206E-03,+283.91959E-03
+2.90000E-03,+476.13065E-03,+383.16583E-03
+2.91000E-03,+469.84924E-03,+550.25125E-03
+2.92000E-03,+482.41206E-03,+673.36683E-03
+2.93000E-03,+474.87437E-03,+776.38190E-03
+2.94000E-03,+466.08040E-03,+807.78894E-03
+2.95000E-03,+479.89949E-03,+765.07537E-03
+2.96000E-03,+462.31155E-03,+682.16080E-03
+2.97000E-03,+482.41206E-03,+538.94472E-03
+2.98000E-03,+476.13065E-03,+415.82914E-03
+2.99000E-03,+462.31155E-03,+361.80904E-03
+3.00000E-03,+462.31155E-03,+351.75879E-03
+3.01000E-03,+468.59296E-03,+419.59799E-03
+3.02000E-03,+445.97989E-03,+507.53768E-03
+3.03000E-03,+462.31155E-03,+623.11557E-03
+3.04000E-03,+442.21105E-03,+723.61808E-03
+3.05000E-03,+462.31155E-03,+780.15075E-03
+3.06000E-03,+456.03015E-03,+752.51255E-03
+3.07000E-03,+462.31155E-03,+703.51758E-03
+3.08000E-03,+442.21105E-03,+571.60803E-03
+3.09000E-03,+442.21105E-03,+483.66834E-03
+3.10000E-03,+442.21105E-03,+402.01005E-03
+3.11000E-03,+439.69849E-03,+399.49748E-03
+3.12000E-03,+422.11055E-03,+422.11055E-03
+3.13000E-03,+404.52261E-03,+484.92462E-03
+3.14000E-03,+435.92964E-03,+557.78894E-03
+3.15000E-03,+422.11055E-03,+650.75376E-03
+3.16000E-03,+422.11055E-03,+713.56783E-03
+3.17000E-03,+422.11055E-03,+723.61808E-03
+3.18000E-03,+422.11055E-03,+660.80401E-03
+3.19000E-03,+419.59799E-03,+623.11557E-03
+3.20000E-03,+402.01005E-03,+541.45728E-03
+3.21000E-03,+404.52261E-03,+462.31155E-03
+3.22000E-03,+402.01005E-03,+435.92964E-03
+3.23000E-03,+389.44723E-03,+429.64824E-03
+3.24000E-03,+402.01005E-03,+482.41206E-03
+3.25000E-03,+402.01005E-03,+562.81406E-03
+3.26000E-03,+402.01005E-03,+623.11557E-03
+3.27000E-03,+381.90954E-03,+678.39195E-03
+3.28000E-03,+361.80904E-03,+683.41708E-03
+3.29000E-03,+381.90954E-03,+679.64823E-03
+3.30000E-03,+381.90954E-03,+631.90954E-03
+3.31000E-03,+381.90954E-03,+562.81406E-03
+3.32000E-03,+371.85929E-03,+492.46231E-03
+3.33000E-03,+374.37186E-03,+462.31155E-03
+3.34000E-03,+376.88442E-03,+482.41206E-03
+3.35000E-03,+363.06532E-03,+483.66834E-03
+3.36000E-03,+361.80904E-03,+542.71356E-03
+3.37000E-03,+361.80904E-03,+585.42713E-03
+3.38000E-03,+361.80904E-03,+628.14070E-03
+3.39000E-03,+361.80904E-03,+663.31658E-03
+3.40000E-03,+351.75879E-03,+663.31658E-03
+3.41000E-03,+341.70854E-03,+635.67839E-03
+3.42000E-03,+356.78392E-03,+566.58291E-03
+3.43000E-03,+342.96482E-03,+542.71356E-03
+3.44000E-03,+321.60804E-03,+502.51256E-03
+3.45000E-03,+341.70854E-03,+482.41206E-03
+3.46000E-03,+355.52763E-03,+507.53768E-03
+3.47000E-03,+321.60804E-03,+542.71356E-03
+3.48000E-03,+341.70854E-03,+592.96482E-03
+3.49000E-03,+321.60804E-03,+609.29648E-03
+3.50000E-03,+321.60804E-03,+658.29145E-03
+3.51000E-03,+339.19598E-03,+640.70351E-03
+3.52000E-03,+320.35176E-03,+621.85929E-03
+3.53000E-03,+306.53266E-03,+562.81406E-03
+3.54000E-03,+315.32663E-03,+542.71356E-03
+3.55000E-03,+312.81407E-03,+533.91959E-03
+3.56000E-03,+310.30150E-03,+502.51256E-03
+3.57000E-03,+314.07035E-03,+522.61306E-03
+3.58000E-03,+281.40703E-03,+537.68844E-03
+3.59000E-03,+298.99497E-03,+580.40200E-03
+3.60000E-03,+301.50753E-03,+603.01507E-03
+3.61000E-03,+297.73869E-03,+605.52763E-03
+3.62000E-03,+295.22613E-03,+636.93467E-03
+3.63000E-03,+292.71356E-03,+603.01507E-03
+3.64000E-03,+281.40703E-03,+582.91457E-03
+3.65000E-03,+281.40703E-03,+562.81406E-03
+3.66000E-03,+285.17588E-03,+526.38190E-03
+3.67000E-03,+281.40703E-03,+540.20100E-03
+3.68000E-03,+280.15075E-03,+502.51256E-03
+3.69000E-03,+277.63819E-03,+522.61306E-03
+3.70000E-03,+251.25628E-03,+562.81406E-03
+3.71000E-03,+261.30653E-03,+582.91457E-03
+3.72000E-03,+250.00000E-03,+623.11557E-03
+3.73000E-03,+261.30653E-03,+623.11557E-03
+3.74000E-03,+276.38191E-03,+606.78391E-03
+3.75000E-03,+241.20603E-03,+584.17085E-03
+3.76000E-03,+241.20603E-03,+562.81406E-03
+3.77000E-03,+261.30653E-03,+525.12562E-03
+3.78000E-03,+246.23115E-03,+522.61306E-03
+3.79000E-03,+244.97487E-03,+542.71356E-03
+3.80000E-03,+241.20603E-03,+542.71356E-03
+3.81000E-03,+227.38693E-03,+548.99497E-03
+3.82000E-03,+224.87437E-03,+582.91457E-03
+3.83000E-03,+241.20603E-03,+584.17085E-03
+3.84000E-03,+239.94975E-03,+601.75879E-03
+3.85000E-03,+223.61809E-03,+619.34673E-03
+3.86000E-03,+214.82412E-03,+582.91457E-03
+3.87000E-03,+224.87437E-03,+554.02009E-03
+3.88000E-03,+219.84924E-03,+551.50753E-03
+3.89000E-03,+221.10553E-03,+562.81406E-03
+3.90000E-03,+216.08040E-03,+542.71356E-03
+3.91000E-03,+218.59296E-03,+542.71356E-03
+3.92000E-03,+219.84924E-03,+562.81406E-03
+3.93000E-03,+217.33668E-03,+582.91457E-03
+3.94000E-03,+206.03015E-03,+603.01507E-03
+3.95000E-03,+208.54271E-03,+594.22110E-03
+3.96000E-03,+209.79899E-03,+591.70854E-03
+3.97000E-03,+201.00502E-03,+582.91457E-03
+3.98000E-03,+211.05527E-03,+562.81406E-03
+3.99000E-03,+198.49246E-03,+543.96984E-03
+4.00000E-03,+180.90452E-03,+561.55778E-03
+4.01000E-03,+180.90452E-03,+562.81406E-03
+4.02000E-03,+180.90452E-03,+567.83919E-03
+4.03000E-03,+188.44221E-03,+577.88944E-03
+4.04000E-03,+169.59799E-03,+571.60803E-03
+4.05000E-03,+167.08543E-03,+603.01507E-03
+4.06000E-03,+180.90452E-03,+586.68341E-03
+4.07000E-03,+178.39196E-03,+603.01507E-03
+4.08000E-03,+179.64824E-03,+562.81406E-03
+4.09000E-03,+180.90452E-03,+562.81406E-03
+4.10000E-03,+160.80402E-03,+527.63819E-03
+4.11000E-03,+160.80402E-03,+530.15075E-03
+4.12000E-03,+160.80402E-03,+542.71356E-03
+4.13000E-03,+165.82914E-03,+556.53266E-03
+4.14000E-03,+155.77889E-03,+577.88944E-03
+4.15000E-03,+140.70352E-03,+580.40200E-03
+4.16000E-03,+140.70352E-03,+621.85929E-03
+4.17000E-03,+157.03517E-03,+605.52763E-03
+4.18000E-03,+140.70352E-03,+587.93969E-03
+4.19000E-03,+140.70352E-03,+582.91457E-03
+4.20000E-03,+140.70352E-03,+572.86432E-03
+4.21000E-03,+133.16583E-03,+548.99497E-03
+4.22000E-03,+140.70352E-03,+557.78894E-03
+4.23000E-03,+121.85930E-03,+542.71356E-03
+4.24000E-03,+139.44723E-03,+522.61306E-03
+4.25000E-03,+120.60301E-03,+545.22612E-03
+4.26000E-03,+120.60301E-03,+562.81406E-03
+4.27000E-03,+120.60301E-03,+574.12060E-03
+4.28000E-03,+129.39698E-03,+582.91457E-03
+4.29000E-03,+120.60301E-03,+589.19597E-03
+4.30000E-03,+100.50251E-03,+582.91457E-03
+4.31000E-03,+101.75879E-03,+564.07035E-03
+4.32000E-03,+100.50251E-03,+562.81406E-03
+4.33000E-03,+100.50251E-03,+576.63316E-03
+4.34000E-03,+94.22110E-03,+542.71356E-03
+4.35000E-03,+100.50251E-03,+542.71356E-03
+4.36000E-03,+80.40201E-03,+532.66331E-03
+4.37000E-03,+92.96482E-03,+575.37688E-03
+4.38000E-03,+84.17085E-03,+582.91457E-03
+4.39000E-03,+80.40201E-03,+603.01507E-03
+4.40000E-03,+79.14573E-03,+603.01507E-03
+4.41000E-03,+80.40201E-03,+605.52763E-03
+4.42000E-03,+80.40201E-03,+582.91457E-03
+4.43000E-03,+60.30151E-03,+574.12060E-03
+4.44000E-03,+50.25126E-03,+562.81406E-03
+4.45000E-03,+60.30151E-03,+542.71356E-03
+4.46000E-03,+64.07035E-03,+537.68844E-03
+4.47000E-03,+77.88945E-03,+522.61306E-03
+4.48000E-03,+60.30151E-03,+581.65829E-03
+4.49000E-03,+42.71357E-03,+562.81406E-03
+4.50000E-03,+60.30151E-03,+567.83919E-03
+4.51000E-03,+47.73869E-03,+570.35175E-03
+4.52000E-03,+60.30151E-03,+591.70854E-03
+4.53000E-03,+45.22613E-03,+595.47738E-03
+4.54000E-03,+40.20100E-03,+582.91457E-03
+4.55000E-03,+40.20100E-03,+603.01507E-03
+4.56000E-03,+40.20100E-03,+562.81406E-03
+4.57000E-03,+40.20100E-03,+542.71356E-03
+4.58000E-03,+40.20100E-03,+547.73869E-03
+4.59000E-03,+31.40703E-03,+562.81406E-03
+4.60000E-03,+30.15075E-03,+551.50753E-03
+4.61000E-03,+26.38191E-03,+562.81406E-03
+4.62000E-03,+20.10050E-03,+582.91457E-03
+4.63000E-03,+35.17588E-03,+564.07035E-03
+4.64000E-03,+20.10050E-03,+603.01507E-03
+4.65000E-03,+20.10050E-03,+585.42713E-03
+4.66000E-03,+20.10050E-03,+587.93969E-03
+4.67000E-03,+7.53769E-03,+582.91457E-03
+4.68000E-03,+20.10050E-03,+562.81406E-03
+4.69000E-03,+12.56281E-03,+528.89447E-03
+4.70000E-03,+20.10050E-03,+542.71356E-03
+4.71000E-03,+0.0E+00,+562.81406E-03
+4.72000E-03,-20.10050E-03,+561.55778E-03
+4.73000E-03,+0.0E+00,+545.22612E-03
+4.74000E-03,+0.0E+00,+562.81406E-03
+4.75000E-03,-20.10050E-03,+577.88944E-03
+4.76000E-03,-8.79397E-03,+562.81406E-03
+4.77000E-03,-12.56281E-03,+582.91457E-03
+4.78000E-03,-3.76884E-03,+582.91457E-03
+4.79000E-03,-20.10050E-03,+564.07035E-03
+4.80000E-03,-20.10050E-03,+562.81406E-03
+4.81000E-03,-20.10050E-03,+562.81406E-03
+4.82000E-03,-40.20100E-03,+547.73869E-03
+4.83000E-03,-40.20100E-03,+554.02009E-03
+4.84000E-03,-30.15075E-03,+552.76381E-03
+4.85000E-03,-32.66332E-03,+562.81406E-03
+4.86000E-03,-43.96985E-03,+562.81406E-03
+4.87000E-03,-40.20100E-03,+562.81406E-03
+4.88000E-03,-40.20100E-03,+582.91457E-03
+4.89000E-03,-40.20100E-03,+582.91457E-03
+4.90000E-03,-60.30151E-03,+596.73366E-03
+4.91000E-03,-71.60804E-03,+582.91457E-03
+4.92000E-03,-60.30151E-03,+571.60803E-03
+4.93000E-03,-72.86432E-03,+575.37688E-03
+4.94000E-03,-60.30151E-03,+582.91457E-03
+4.95000E-03,-60.30151E-03,+562.81406E-03
+4.96000E-03,-99.24623E-03,+562.81406E-03
+4.97000E-03,-65.32663E-03,+562.81406E-03
+4.98000E-03,-80.40201E-03,+567.83919E-03
+4.99000E-03,-67.83920E-03,+570.35175E-03
+5.00000E-03,-80.40201E-03,+582.91457E-03
+5.01000E-03,-80.40201E-03,+575.37688E-03
+5.02000E-03,-84.17085E-03,+577.88944E-03
+5.03000E-03,-100.50251E-03,+580.40200E-03
+5.04000E-03,-99.24623E-03,+582.91457E-03
+5.05000E-03,-96.73367E-03,+579.14572E-03
+5.06000E-03,-100.50251E-03,+547.73869E-03
+5.07000E-03,-100.50251E-03,+550.25125E-03
+5.08000E-03,-100.50251E-03,+571.60803E-03
+5.09000E-03,-106.78392E-03,+562.81406E-03
+5.10000E-03,-100.50251E-03,+562.81406E-03
+5.11000E-03,-120.60301E-03,+580.40200E-03
+5.12000E-03,-120.60301E-03,+582.91457E-03
+5.13000E-03,-123.11558E-03,+582.91457E-03
+5.14000E-03,-134.42211E-03,+576.63316E-03
+5.15000E-03,-128.14070E-03,+574.12060E-03
+5.16000E-03,-119.34673E-03,+552.76381E-03
+5.17000E-03,-133.16583E-03,+562.81406E-03
+5.18000E-03,-155.77889E-03,+562.81406E-03
+5.19000E-03,-121.85930E-03,+580.40200E-03
+5.20000E-03,-140.70352E-03,+582.91457E-03
+5.21000E-03,-140.70352E-03,+579.14572E-03
+5.22000E-03,-140.70352E-03,+576.63316E-03
+5.23000E-03,-148.24120E-03,+586.68341E-03
+5.24000E-03,-149.49749E-03,+582.91457E-03
+5.25000E-03,-160.80402E-03,+569.09547E-03
+5.26000E-03,-140.70352E-03,+577.88944E-03
+5.27000E-03,-158.29146E-03,+543.96984E-03
+5.28000E-03,-180.90452E-03,+562.81406E-03
+5.29000E-03,-160.80402E-03,+579.14572E-03
+5.30000E-03,-160.80402E-03,+576.63316E-03
+5.31000E-03,-152.01005E-03,+566.58291E-03
+5.32000E-03,-160.80402E-03,+571.60803E-03
+5.33000E-03,-180.90452E-03,+582.91457E-03
+5.34000E-03,-160.80402E-03,+582.91457E-03
+5.35000E-03,-162.06030E-03,+584.17085E-03
+5.36000E-03,-180.90452E-03,+582.91457E-03
+5.37000E-03,-201.00502E-03,+565.32663E-03
+5.38000E-03,-180.90452E-03,+576.63316E-03
+5.39000E-03,-175.87940E-03,+554.02009E-03
+5.40000E-03,-169.59799E-03,+562.81406E-03
+5.41000E-03,-193.46733E-03,+575.37688E-03
+5.42000E-03,-195.97990E-03,+562.81406E-03
+5.43000E-03,-201.00502E-03,+582.91457E-03
+5.44000E-03,-201.00502E-03,+562.81406E-03
+5.45000E-03,-201.00502E-03,+565.32663E-03
+5.46000E-03,-206.03015E-03,+562.81406E-03
+5.47000E-03,-221.10553E-03,+562.81406E-03
+5.48000E-03,-209.79899E-03,+571.60803E-03
+5.49000E-03,-213.56784E-03,+562.81406E-03
+5.50000E-03,-216.08040E-03,+557.78894E-03
+5.51000E-03,-221.10553E-03,+562.81406E-03
+5.52000E-03,-221.10553E-03,+542.71356E-03
+5.53000E-03,-221.10553E-03,+579.14572E-03
+5.54000E-03,-226.13065E-03,+582.91457E-03
+5.55000E-03,-232.41206E-03,+594.22110E-03
+5.56000E-03,-241.20603E-03,+591.70854E-03
+5.57000E-03,-241.20603E-03,+595.47738E-03
+5.58000E-03,-224.87437E-03,+582.91457E-03
+5.59000E-03,-241.20603E-03,+564.07035E-03
+5.60000E-03,-221.10553E-03,+561.55778E-03
+5.61000E-03,-241.20603E-03,+542.71356E-03
+5.62000E-03,-246.23115E-03,+556.53266E-03
+5.63000E-03,-248.74372E-03,+562.81406E-03
+5.64000E-03,-250.00000E-03,+572.86432E-03
+5.65000E-03,-261.30653E-03,+575.37688E-03
+5.66000E-03,-261.30653E-03,+592.96482E-03
+5.67000E-03,-242.46231E-03,+582.91457E-03
+5.68000E-03,-261.30653E-03,+603.01507E-03
+5.69000E-03,-263.81909E-03,+582.91457E-03
+5.70000E-03,-261.30653E-03,+567.83919E-03
+5.71000E-03,-272.61306E-03,+562.81406E-03
+5.72000E-03,-271.35678E-03,+561.55778E-03
+5.73000E-03,-281.40703E-03,+567.83919E-03
+5.74000E-03,-281.40703E-03,+542.71356E-03
+5.75000E-03,-281.40703E-03,+562.81406E-03
+5.76000E-03,-281.40703E-03,+582.91457E-03
+5.77000E-03,-283.91959E-03,+565.32663E-03
+5.78000E-03,-295.22613E-03,+587.93969E-03
+5.79000E-03,-288.94472E-03,+574.12060E-03
+5.80000E-03,-281.40703E-03,+591.70854E-03
+5.81000E-03,-301.50753E-03,+562.81406E-03
+5.82000E-03,-301.50753E-03,+582.91457E-03
+5.83000E-03,-319.09547E-03,+562.81406E-03
+5.84000E-03,-301.50753E-03,+542.71356E-03
+5.85000E-03,-301.50753E-03,+542.71356E-03
+5.86000E-03,-321.60804E-03,+556.53266E-03
+5.87000E-03,-301.50753E-03,+562.81406E-03
+5.88000E-03,-321.60804E-03,+572.86432E-03
+5.89000E-03,-334.17085E-03,+582.91457E-03
+5.90000E-03,-301.50753E-03,+582.91457E-03
+5.91000E-03,-336.68341E-03,+600.50251E-03
+5.92000E-03,-321.60804E-03,+601.75879E-03
+5.93000E-03,-324.12060E-03,+582.91457E-03
+5.94000E-03,-326.63316E-03,+562.81406E-03
+5.95000E-03,-332.91457E-03,+562.81406E-03
+5.96000E-03,-341.70854E-03,+552.76381E-03
+5.97000E-03,-341.70854E-03,+548.99497E-03
+5.98000E-03,-356.78392E-03,+557.78894E-03
+5.99000E-03,-341.70854E-03,+560.30150E-03
+6.00000E-03,-361.80904E-03,+562.81406E-03
+6.01000E-03,-344.22110E-03,+582.91457E-03
+6.02000E-03,-361.80904E-03,+587.93969E-03
+6.03000E-03,-361.80904E-03,+603.01507E-03
+6.04000E-03,-361.80904E-03,+582.91457E-03
+6.05000E-03,-366.83417E-03,+582.91457E-03
+6.06000E-03,-381.90954E-03,+562.81406E-03
+6.07000E-03,-363.06532E-03,+564.07035E-03
+6.08000E-03,-361.80904E-03,+542.71356E-03
+6.09000E-03,-364.32160E-03,+542.71356E-03
+6.10000E-03,-381.90954E-03,+567.83919E-03
+6.11000E-03,-361.80904E-03,+574.12060E-03
+6.12000E-03,-381.90954E-03,+592.96482E-03
+6.13000E-03,-381.90954E-03,+595.47738E-03
+6.14000E-03,-402.01005E-03,+577.88944E-03
+6.15000E-03,-385.67839E-03,+600.50251E-03
+6.16000E-03,-381.90954E-03,+582.91457E-03
+6.17000E-03,-384.42211E-03,+596.73366E-03
+6.18000E-03,-386.93467E-03,+562.81406E-03
+6.19000E-03,-402.01005E-03,+550.25125E-03
+6.20000E-03,-402.01005E-03,+542.71356E-03
+6.21000E-03,-402.01005E-03,+548.99497E-03
+6.22000E-03,-405.77889E-03,+572.86432E-03
+6.23000E-03,-422.11055E-03,+564.07035E-03
+6.24000E-03,-422.11055E-03,+582.91457E-03
+6.25000E-03,-422.11055E-03,+585.42713E-03
+6.26000E-03,-422.11055E-03,+582.91457E-03
+6.27000E-03,-413.31658E-03,+594.22110E-03
+6.28000E-03,-422.11055E-03,+562.81406E-03
+6.29000E-03,-414.57286E-03,+562.81406E-03
+6.30000E-03,-442.21105E-03,+562.81406E-03
+6.31000E-03,-423.36683E-03,+542.71356E-03
+6.32000E-03,-442.21105E-03,+562.81406E-03
+6.33000E-03,-444.72361E-03,+579.14572E-03
+6.34000E-03,-456.03015E-03,+582.91457E-03
+6.35000E-03,-442.21105E-03,+582.91457E-03
+6.36000E-03,-442.21105E-03,+562.81406E-03
+6.37000E-03,-454.77386E-03,+562.81406E-03
+6.38000E-03,-442.21105E-03,+562.81406E-03
+6.39000E-03,-443.46733E-03,+542.71356E-03
+6.40000E-03,-462.31155E-03,+542.71356E-03
+6.41000E-03,-447.23618E-03,+562.81406E-03
+6.42000E-03,-476.13065E-03,+562.81406E-03
+6.43000E-03,-462.31155E-03,+577.88944E-03
+6.44000E-03,-471.10552E-03,+582.91457E-03
+6.45000E-03,-468.59296E-03,+589.19597E-03
+6.46000E-03,-477.38693E-03,+586.68341E-03
+6.47000E-03,-482.41206E-03,+582.91457E-03
+6.48000E-03,-482.41206E-03,+562.81406E-03
+6.49000E-03,-498.74371E-03,+559.04522E-03
+6.50000E-03,-482.41206E-03,+542.71356E-03
+6.51000E-03,-489.94974E-03,+530.15075E-03
+6.52000E-03,-482.41206E-03,+552.76381E-03
+6.53000E-03,-515.07537E-03,+555.27638E-03
+6.54000E-03,-506.28140E-03,+582.91457E-03
+6.55000E-03,-483.66834E-03,+597.98994E-03
+6.56000E-03,-521.35678E-03,+603.01507E-03
+6.57000E-03,-502.51256E-03,+582.91457E-03
+6.58000E-03,-507.53768E-03,+603.01507E-03
+6.59000E-03,-502.51256E-03,+574.12060E-03
+6.60000E-03,-502.51256E-03,+551.50753E-03
+6.61000E-03,-515.07537E-03,+542.71356E-03
+6.62000E-03,-522.61306E-03,+557.78894E-03
+6.63000E-03,-522.61306E-03,+580.40200E-03
+6.64000E-03,-541.45728E-03,+562.81406E-03
+6.65000E-03,-522.61306E-03,+585.42713E-03
+6.66000E-03,-542.71356E-03,+567.83919E-03
+6.67000E-03,-542.71356E-03,+603.01507E-03
+6.68000E-03,-542.71356E-03,+603.01507E-03
+6.69000E-03,-548.99497E-03,+589.19597E-03
+6.70000E-03,-542.71356E-03,+577.88944E-03
+6.71000E-03,-542.71356E-03,+564.07035E-03
+6.72000E-03,-541.45728E-03,+542.71356E-03
+6.73000E-03,-542.71356E-03,+542.71356E-03
+6.74000E-03,-556.53266E-03,+542.71356E-03
+6.75000E-03,-550.25125E-03,+550.25125E-03
+6.76000E-03,-562.81406E-03,+561.55778E-03
+6.77000E-03,-562.81406E-03,+582.91457E-03
+6.78000E-03,-546.48241E-03,+592.96482E-03
+6.79000E-03,-562.81406E-03,+582.91457E-03
+6.80000E-03,-562.81406E-03,+601.75879E-03
+6.81000E-03,-579.14572E-03,+585.42713E-03
+6.82000E-03,-567.83919E-03,+582.91457E-03
+6.83000E-03,-574.12060E-03,+582.91457E-03
+6.84000E-03,-582.91457E-03,+562.81406E-03
+6.85000E-03,-582.91457E-03,+535.17587E-03
+6.86000E-03,-582.91457E-03,+557.78894E-03
+6.87000E-03,-603.01507E-03,+562.81406E-03
+6.88000E-03,-601.75879E-03,+562.81406E-03
+6.89000E-03,-603.01507E-03,+582.91457E-03
+6.90000E-03,-582.91457E-03,+582.91457E-03
+6.91000E-03,-603.01507E-03,+603.01507E-03
+6.92000E-03,-603.01507E-03,+603.01507E-03
+6.93000E-03,-595.47738E-03,+569.09547E-03
+6.94000E-03,-603.01507E-03,+577.88944E-03
+6.95000E-03,-604.27135E-03,+562.81406E-03
+6.96000E-03,-603.01507E-03,+542.71356E-03
+6.97000E-03,-623.11557E-03,+545.22612E-03
+6.98000E-03,-623.11557E-03,+556.53266E-03
+6.99000E-03,-634.42210E-03,+562.81406E-03
+7.00000E-03,-623.11557E-03,+572.86432E-03
+7.01000E-03,-615.57788E-03,+589.19597E-03
+7.02000E-03,-623.11557E-03,+582.91457E-03
+7.03000E-03,-624.37185E-03,+584.17085E-03
+7.04000E-03,-641.95979E-03,+582.91457E-03
+7.05000E-03,-645.72864E-03,+579.14572E-03
+7.06000E-03,-643.21607E-03,+576.63316E-03
+7.07000E-03,-643.21607E-03,+562.81406E-03
+7.08000E-03,-643.21607E-03,+571.60803E-03
+7.09000E-03,-663.31658E-03,+575.37688E-03
+7.10000E-03,-658.29145E-03,+566.58291E-03
+7.11000E-03,-643.21607E-03,+580.40200E-03
+7.12000E-03,-663.31658E-03,+562.81406E-03
+7.13000E-03,-663.31658E-03,+565.32663E-03
+7.14000E-03,-663.31658E-03,+582.91457E-03
+7.15000E-03,-663.31658E-03,+574.12060E-03
+7.16000E-03,-652.01004E-03,+572.86432E-03
+7.17000E-03,-663.31658E-03,+582.91457E-03
+7.18000E-03,-667.08542E-03,+562.81406E-03
+7.19000E-03,-698.49245E-03,+562.81406E-03
+7.20000E-03,-663.31658E-03,+518.84422E-03
+7.21000E-03,-679.64823E-03,+202.26130E-03
+7.22000E-03,-663.31658E-03,-373.11557E-03
+7.23000E-03,-670.85426E-03,-1.00376883E+00
+7.24000E-03,-663.31658E-03,-1.44849245E+00
+7.25000E-03,-663.31658E-03,-1.62060300E+00
+7.26000E-03,-658.29145E-03,-1.49497486E+00
+7.27000E-03,-660.80401E-03,-1.05025125E+00
+7.28000E-03,-663.31658E-03,-577.88944E-03
+7.29000E-03,-659.54773E-03,-116.83417E-03
+7.30000E-03,-643.21607E-03,+262.56281E-03
+7.31000E-03,-643.21607E-03,+305.27638E-03
+7.32000E-03,-643.21607E-03,+77.88945E-03
+7.33000E-03,-629.39698E-03,-324.12060E-03
+7.34000E-03,-626.88442E-03,-741.20602E-03
+7.35000E-03,-624.37185E-03,-1.23241205E+00
+7.36000E-03,-643.21607E-03,-1.38693466E+00
+7.37000E-03,-643.21607E-03,-1.34296481E+00
+7.38000E-03,-631.90954E-03,-1.05778893E+00
+7.39000E-03,-623.11557E-03,-675.87939E-03
+7.40000E-03,-623.11557E-03,-309.04522E-03
+7.41000E-03,-623.11557E-03,-7.53769E-03
+7.42000E-03,-623.11557E-03,+160.80402E-03
+7.43000E-03,-604.27135E-03,+47.73869E-03
+7.44000E-03,-621.85929E-03,-322.86432E-03
+7.45000E-03,-619.34673E-03,-619.34673E-03
+7.46000E-03,-608.04019E-03,-1.03140702E+00
+7.47000E-03,-610.55276E-03,-1.18844220E+00
+7.48000E-03,-611.80904E-03,-1.24623114E+00
+7.49000E-03,-595.47738E-03,-1.02763818E+00
+7.50000E-03,-582.91457E-03,-734.92462E-03
+7.51000E-03,-580.40200E-03,-380.65326E-03
+7.52000E-03,-601.75879E-03,-158.29146E-03
+7.53000E-03,-565.32663E-03,-16.33166E-03
+7.54000E-03,-567.83919E-03,-55.27638E-03
+7.55000E-03,-574.12060E-03,-283.91959E-03
+7.56000E-03,-571.60803E-03,-564.07035E-03
+7.57000E-03,-562.81406E-03,-854.27135E-03
+7.58000E-03,-562.81406E-03,-1.05527637E+00
+7.59000E-03,-562.81406E-03,-1.10678391E+00
+7.60000E-03,-561.55778E-03,-1.04271356E+00
+7.61000E-03,-559.04522E-03,-777.63818E-03
+7.62000E-03,-571.60803E-03,-515.07537E-03
+7.63000E-03,-554.02009E-03,-305.27638E-03
+7.64000E-03,-562.81406E-03,-139.44723E-03
+7.65000E-03,-542.71356E-03,-153.26633E-03
+7.66000E-03,-562.81406E-03,-292.71356E-03
+7.67000E-03,-542.71356E-03,-508.79396E-03
+7.68000E-03,-561.55778E-03,-763.81909E-03
+7.69000E-03,-542.71356E-03,-949.74873E-03
+7.70000E-03,-527.63819E-03,-1.01005024E+00
+7.71000E-03,-522.61306E-03,-981.15577E-03
+7.72000E-03,-531.40703E-03,-832.91456E-03
+7.73000E-03,-528.89447E-03,-609.29648E-03
+7.74000E-03,-522.61306E-03,-410.80402E-03
+7.75000E-03,-522.61306E-03,-244.97487E-03
+7.76000E-03,-541.45728E-03,-221.10553E-03
+7.77000E-03,-522.61306E-03,-326.63316E-03
+7.78000E-03,-516.33165E-03,-477.38693E-03
+7.79000E-03,-513.81909E-03,-654.52261E-03
+7.80000E-03,-512.56281E-03,-844.22110E-03
+7.81000E-03,-502.51256E-03,-937.18592E-03
+7.82000E-03,-502.51256E-03,-908.29145E-03
+7.83000E-03,-502.51256E-03,-830.40200E-03
+7.84000E-03,-482.41206E-03,-680.90452E-03
+7.85000E-03,-498.74371E-03,-478.64321E-03
+7.86000E-03,-496.23115E-03,-365.57789E-03
+7.87000E-03,-489.94974E-03,-301.50753E-03
+7.88000E-03,-491.20602E-03,-321.60804E-03
+7.89000E-03,-482.41206E-03,-439.69849E-03
+7.90000E-03,-482.41206E-03,-587.93969E-03
+7.91000E-03,-479.89949E-03,-756.28140E-03
+7.92000E-03,-482.41206E-03,-844.22110E-03
+7.93000E-03,-478.64321E-03,-840.45225E-03
+7.94000E-03,-467.33668E-03,-787.68843E-03
+7.95000E-03,-462.31155E-03,-659.54773E-03
+7.96000E-03,-472.36180E-03,-531.40703E-03
+7.97000E-03,-462.31155E-03,-415.82914E-03
+7.98000E-03,-462.31155E-03,-361.80904E-03
+7.99000E-03,-459.79899E-03,-381.90954E-03
+8.00000E-03,-461.05527E-03,-482.41206E-03
+8.01000E-03,-458.54271E-03,-574.12060E-03
+8.02000E-03,-442.21105E-03,-688.44220E-03
+8.03000E-03,-442.21105E-03,-751.25627E-03
+8.04000E-03,-442.21105E-03,-804.02009E-03
+8.05000E-03,-442.21105E-03,-757.53768E-03
+8.06000E-03,-442.21105E-03,-672.11055E-03
+8.07000E-03,-439.69849E-03,-566.58291E-03
+8.08000E-03,-422.11055E-03,-481.15577E-03
+8.09000E-03,-438.44221E-03,-418.34170E-03
+8.10000E-03,-435.92964E-03,-407.03517E-03
+8.11000E-03,-413.31658E-03,-482.41206E-03
+8.12000E-03,-432.16080E-03,-562.81406E-03
+8.13000E-03,-434.67336E-03,-655.77889E-03
+8.14000E-03,-405.77889E-03,-738.69346E-03
+8.15000E-03,-422.11055E-03,-758.79396E-03
+8.16000E-03,-402.01005E-03,-742.46230E-03
+8.17000E-03,-418.34170E-03,-677.13567E-03
+8.18000E-03,-402.01005E-03,-591.70854E-03
+8.19000E-03,-402.01005E-03,-513.81909E-03
+8.20000E-03,-390.70351E-03,-451.00502E-03
+8.21000E-03,-388.19095E-03,-442.21105E-03
+8.22000E-03,-396.98492E-03,-477.38693E-03
+8.23000E-03,-399.49748E-03,-540.20100E-03
+8.24000E-03,-381.90954E-03,-623.11557E-03
+8.25000E-03,-381.90954E-03,-703.51758E-03
+8.26000E-03,-366.83417E-03,-737.43718E-03
+8.27000E-03,-381.90954E-03,-727.38693E-03
+8.28000E-03,-381.90954E-03,-692.21105E-03
+8.29000E-03,-368.09045E-03,-623.11557E-03
+8.30000E-03,-361.80904E-03,-531.40703E-03
+8.31000E-03,-379.39698E-03,-483.66834E-03
+8.32000E-03,-381.90954E-03,-462.31155E-03
+8.33000E-03,-361.80904E-03,-482.41206E-03
+8.34000E-03,-361.80904E-03,-547.73869E-03
+8.35000E-03,-349.24623E-03,-623.11557E-03
+8.36000E-03,-361.80904E-03,-653.26632E-03
+8.37000E-03,-354.27135E-03,-703.51758E-03
+8.38000E-03,-345.47738E-03,-723.61808E-03
+8.39000E-03,-341.70854E-03,-684.67336E-03
+8.40000E-03,-341.70854E-03,-641.95979E-03
+8.41000E-03,-341.70854E-03,-599.24622E-03
+8.42000E-03,-341.70854E-03,-527.63819E-03
+8.43000E-03,-341.70854E-03,-482.41206E-03
+8.44000E-03,-331.65829E-03,-502.51256E-03
+8.45000E-03,-314.07035E-03,-542.71356E-03
+8.46000E-03,-321.60804E-03,-582.91457E-03
+8.47000E-03,-321.60804E-03,-658.29145E-03
+8.48000E-03,-321.60804E-03,-683.41708E-03
+8.49000E-03,-321.60804E-03,-683.41708E-03
+8.50000E-03,-315.32663E-03,-663.31658E-03
+8.51000E-03,-312.81407E-03,-634.42210E-03
+8.52000E-03,-310.30150E-03,-591.70854E-03
+8.53000E-03,-301.50753E-03,-548.99497E-03
+8.54000E-03,-321.60804E-03,-522.61306E-03
+8.55000E-03,-301.50753E-03,-522.61306E-03
+8.56000E-03,-301.50753E-03,-522.61306E-03
+8.57000E-03,-301.50753E-03,-582.91457E-03
+8.58000E-03,-295.22613E-03,-616.83416E-03
+8.59000E-03,-292.71356E-03,-663.31658E-03
+8.60000E-03,-290.20100E-03,-663.31658E-03
+8.61000E-03,-267.58794E-03,-663.31658E-03
+8.62000E-03,-291.45728E-03,-658.29145E-03
+8.63000E-03,-281.40703E-03,-603.01507E-03
+8.64000E-03,-281.40703E-03,-582.91457E-03
+8.65000E-03,-281.40703E-03,-542.71356E-03
+8.66000E-03,-271.35678E-03,-536.43216E-03
+8.67000E-03,-281.40703E-03,-562.81406E-03
+8.68000E-03,-281.40703E-03,-552.76381E-03
+8.69000E-03,-261.30653E-03,-603.01507E-03
+8.70000E-03,-261.30653E-03,-623.11557E-03
+8.71000E-03,-242.46231E-03,-658.29145E-03
+8.72000E-03,-241.20603E-03,-643.21607E-03
+8.73000E-03,-257.53769E-03,-643.21607E-03
+8.74000E-03,-241.20603E-03,-603.01507E-03
+8.75000E-03,-252.51256E-03,-582.91457E-03
+8.76000E-03,-241.20603E-03,-542.71356E-03
+8.77000E-03,-247.48743E-03,-542.71356E-03
+8.78000E-03,-244.97487E-03,-562.81406E-03
+8.79000E-03,-241.20603E-03,-562.81406E-03
+8.80000E-03,-239.94975E-03,-562.81406E-03
+8.81000E-03,-257.53769E-03,-625.62813E-03
+8.82000E-03,-226.13065E-03,-648.24120E-03
+8.83000E-03,-232.41206E-03,-643.21607E-03
+8.84000E-03,-221.10553E-03,-623.11557E-03
+8.85000E-03,-221.10553E-03,-609.29648E-03
+8.86000E-03,-221.10553E-03,-582.91457E-03
+8.87000E-03,-218.59296E-03,-577.88944E-03
+8.88000E-03,-221.10553E-03,-562.81406E-03
+8.89000E-03,-217.33668E-03,-545.22612E-03
+8.90000E-03,-201.00502E-03,-567.83919E-03
+8.91000E-03,-192.21105E-03,-590.45225E-03
+8.92000E-03,-209.79899E-03,-611.80904E-03
+8.93000E-03,-201.00502E-03,-623.11557E-03
+8.94000E-03,-221.10553E-03,-638.19095E-03
+8.95000E-03,-201.00502E-03,-624.37185E-03
+8.96000E-03,-201.00502E-03,-603.01507E-03
+8.97000E-03,-183.41708E-03,-585.42713E-03
+8.98000E-03,-174.62311E-03,-576.63316E-03
+8.99000E-03,-180.90452E-03,-582.91457E-03
+9.00000E-03,-180.90452E-03,-571.60803E-03
+9.01000E-03,-180.90452E-03,-582.91457E-03
+9.02000E-03,-180.90452E-03,-597.98994E-03
+9.03000E-03,-162.06030E-03,-603.01507E-03
+9.04000E-03,-160.80402E-03,-603.01507E-03
+9.05000E-03,-160.80402E-03,-603.01507E-03
+9.06000E-03,-154.52261E-03,-608.04019E-03
+9.07000E-03,-164.57286E-03,-614.32160E-03
+9.08000E-03,-149.49749E-03,-623.11557E-03
+9.09000E-03,-154.52261E-03,-603.01507E-03
+9.10000E-03,-140.70352E-03,-597.98994E-03
+9.11000E-03,-160.80402E-03,-600.50251E-03
+9.12000E-03,-140.70352E-03,-582.91457E-03
+9.13000E-03,-140.70352E-03,-582.91457E-03
+9.14000E-03,-140.70352E-03,-596.73366E-03
+9.15000E-03,-128.14070E-03,-590.45225E-03
+9.16000E-03,-130.65326E-03,-603.01507E-03
+9.17000E-03,-140.70352E-03,-603.01507E-03
+9.18000E-03,-120.60301E-03,-618.09045E-03
+9.19000E-03,-140.70352E-03,-604.27135E-03
+9.20000E-03,-100.50251E-03,-603.01507E-03
+9.21000E-03,-120.60301E-03,-603.01507E-03
+9.22000E-03,-120.60301E-03,-587.93969E-03
+9.23000E-03,-111.80904E-03,-603.01507E-03
+9.24000E-03,-109.29648E-03,-582.91457E-03
+9.25000E-03,-120.60301E-03,-589.19597E-03
+9.26000E-03,-120.60301E-03,-582.91457E-03
+9.27000E-03,-100.50251E-03,-603.01507E-03
+9.28000E-03,-80.40201E-03,-603.01507E-03
+9.29000E-03,-82.91457E-03,-616.83416E-03
+9.30000E-03,-100.50251E-03,-608.04019E-03
+9.31000E-03,-100.50251E-03,-614.32160E-03
+9.32000E-03,-100.50251E-03,-603.01507E-03
+9.33000E-03,-100.50251E-03,-595.47738E-03
+9.34000E-03,-84.17085E-03,-603.01507E-03
+9.35000E-03,-80.40201E-03,-600.50251E-03
+9.36000E-03,-99.24623E-03,-582.91457E-03
+9.37000E-03,-96.73367E-03,-582.91457E-03
+9.38000E-03,-65.32663E-03,-596.73366E-03
+9.39000E-03,-91.70854E-03,-603.01507E-03
+9.40000E-03,-80.40201E-03,-611.80904E-03
+9.41000E-03,-80.40201E-03,-615.57788E-03
+9.42000E-03,-48.99497E-03,-623.11557E-03
+9.43000E-03,-77.88945E-03,-620.60301E-03
+9.44000E-03,-79.14573E-03,-603.01507E-03
+9.45000E-03,-62.81407E-03,-599.24622E-03
+9.46000E-03,-40.20100E-03,-587.93969E-03
+9.47000E-03,-60.30151E-03,-603.01507E-03
+9.48000E-03,-60.30151E-03,-603.01507E-03
+9.49000E-03,-60.30151E-03,-609.29648E-03
+9.50000E-03,-43.96985E-03,-603.01507E-03
+9.51000E-03,-40.20100E-03,-603.01507E-03
+9.52000E-03,-60.30151E-03,-621.85929E-03
+9.53000E-03,-36.43216E-03,-603.01507E-03
+9.54000E-03,-33.91960E-03,-603.01507E-03
+9.55000E-03,-40.20100E-03,-594.22110E-03
+9.56000E-03,-40.20100E-03,-603.01507E-03
+9.57000E-03,-6.28141E-03,-603.01507E-03
+9.58000E-03,-20.10050E-03,-582.91457E-03
+9.59000E-03,-37.68844E-03,-600.50251E-03
+9.60000E-03,-20.10050E-03,-582.91457E-03
+9.61000E-03,+0.0E+00,-605.52763E-03
+9.62000E-03,-5.02513E-03,-616.83416E-03
+9.63000E-03,-23.86935E-03,-603.01507E-03
+9.64000E-03,+0.0E+00,-603.01507E-03
+9.65000E-03,-12.56281E-03,-595.47738E-03
+9.66000E-03,-35.17588E-03,-597.98994E-03
+9.67000E-03,+0.0E+00,-603.01507E-03
+9.68000E-03,+0.0E+00,-603.01507E-03
+9.69000E-03,+0.0E+00,-585.42713E-03
+9.70000E-03,+20.10050E-03,-616.83416E-03
+9.71000E-03,+7.53769E-03,-614.32160E-03
+9.72000E-03,+20.10050E-03,-623.11557E-03
+9.73000E-03,+6.28141E-03,-603.01507E-03
+9.74000E-03,+20.10050E-03,-603.01507E-03
+9.75000E-03,+35.17588E-03,-603.01507E-03
+9.76000E-03,+20.10050E-03,-582.91457E-03
+9.77000E-03,+22.61307E-03,-599.24622E-03
+9.78000E-03,+40.20100E-03,-603.01507E-03
+9.79000E-03,+40.20100E-03,-603.01507E-03
+9.80000E-03,+40.20100E-03,-582.91457E-03
+9.81000E-03,+40.20100E-03,-603.01507E-03
+9.82000E-03,+55.27638E-03,-603.01507E-03
+9.83000E-03,+21.35678E-03,-620.60301E-03
+9.84000E-03,+60.30151E-03,-603.01507E-03
+9.85000E-03,+40.20100E-03,-605.52763E-03
+9.86000E-03,+40.20100E-03,-603.01507E-03
+9.87000E-03,+60.30151E-03,-582.91457E-03
+9.88000E-03,+60.30151E-03,-571.60803E-03
+9.89000E-03,+52.76382E-03,-589.19597E-03
+9.90000E-03,+64.07035E-03,-586.68341E-03
+9.91000E-03,+61.55779E-03,-584.17085E-03
+9.92000E-03,+60.30151E-03,-603.01507E-03
+9.93000E-03,+80.40201E-03,-619.34673E-03
+9.94000E-03,+80.40201E-03,-608.04019E-03
+9.95000E-03,+80.40201E-03,-614.32160E-03
+9.96000E-03,+60.30151E-03,-613.06532E-03
+9.97000E-03,+72.86432E-03,-603.01507E-03
+9.98000E-03,+80.40201E-03,-606.78391E-03
+9.99000E-03,+80.40201E-03,-603.01507E-03
